-- =========================================================
-- BATCH 1: KATA 1 - 50
-- =========================================================

-- 1. Insert Informasi Sumber (Mandarin Bean)

INSERT INTO hsk_sources (id, name, level, year_released, hsk_version) 
VALUES (1, 'New HSK (3.0) 1 Word List (MandarinBean)', 1, 2025, '3.0') 
ON CONFLICT (id) DO NOTHING;

INSERT INTO words (id, hanzi, pinyin, hsk_source_id) VALUES 
(1, '爱', 'ài', 1),
(2, '爱好', 'ài hào', 1),
(3, '八', 'bā', 1),
(4, '爸爸', 'bàba', 1),
(5, '吧', 'ba', 1),
(6, '白', 'bái', 1),
(7, '白天', 'bái tiān', 1),
(8, '百', 'bǎi', 1),
(9, '班', 'bān', 1),
(10, '半', 'bàn', 1),
(11, '半年', 'bàn nián', 1),
(12, '半天', 'bàn tiān', 1),
(13, '帮', 'bāng', 1),
(14, '帮忙', 'bāng máng', 1),
(15, '包', 'bāo', 1),
(16, '包子', 'bāo zi', 1),
(17, '杯', 'bēi', 1),
(18, '杯子', 'bēi zi', 1),
(19, '北', 'běi', 1),
(20, '北边', 'běi biān', 1),
(21, '北京', 'běijīng', 1),
(22, '本', 'běn', 1),
(23, '本子', 'běnzi', 1),
(24, '比', 'bǐ', 1),
(25, '别', 'bié', 1),
(26, '别的', 'bié de', 1),
(27, '别人', 'biérén', 1),
(28, '病', 'bìng', 1),
(29, '病人', 'bìngrén', 1),
(30, '不大', 'búdà', 1),
(31, '不对', 'búduì', 1),
(32, '不客气', 'búkèqì', 1),
(33, '不用', 'búyòng', 1),
(34, '不', 'bù', 1),
(35, '菜', 'cài', 1),
(36, '茶', 'chá', 1),
(37, '差', 'chà', 1),
(38, '常', 'cháng', 1),
(39, '常常', 'chángcháng', 1),
(40, '唱', 'chàng', 1),
(41, '唱歌', 'chànggē', 1),
(42, '车', 'chē', 1),
(43, '车票', 'chēpiào', 1),
(44, '车上', 'chēshàng', 1),
(45, '车站', 'chēzhàn', 1),
(46, '吃', 'chī', 1),
(47, '吃饭', 'chīfàn', 1),
(48, '出', 'chū', 1),
(49, '出来', 'chūlái', 1),
(50, '出去', 'chūqù', 1),
(51, '穿', 'chuān', 1),
(52, '床', 'chuáng', 1),
(53, '次', 'cì', 1),
(54, '从', 'cóng', 1),
(55, '错', 'cuò', 1),
(56, '打', 'dǎ', 1),
(57, '打车', 'dǎ chē', 1),
(58, '打电话', 'dǎ diàn huà', 1),
(59, '打开', 'dǎ kāi', 1),
(60, '打球', 'dǎ qiú', 1),
(61, '大', 'dà', 1),
(62, '大学', 'dà xué', 1),
(63, '大学生', 'dà xué shēng', 1),
(64, '到', 'dào', 1),
(65, '得到', 'dé dào', 1),
(66, '地', 'de', 1),
(67, '的', 'de', 1),
(68, '等', 'děng', 1),
(69, '地', 'dì', 1),
(70, '地点', 'dìdiǎn', 1),
(71, '地方', 'dìfang', 1),
(72, '地上', 'dì shàng', 1),
(73, '地图', 'dìtú', 1),
(74, '弟弟', 'dìdi', 1),
(75, '第', 'dì', 1),
(76, '点', 'diǎn', 1),
(77, '电', 'diàn', 1),
(78, '电话', 'diànhuà', 1),
(79, '电脑', 'diànnǎo', 1),
(80, '电视', 'diànshì', 1),
(81, '电视机', 'diànshìjī', 1),
(82, '电影', 'diànyǐng', 1),
(83, '电影院', 'diànyǐngyuàn', 1),
(84, '东', 'dōng', 1),
(85, '东边', 'dōngbiān', 1),
(86, '东西', 'dōngxi', 1),
(87, '动', 'dòng', 1),
(88, '动作', 'dòngzuò', 1),
(89, '都', 'dōu', 1),
(90, '读', 'dú', 1),
(91, '读书', 'dúshū', 1),
(92, '对', 'duì', 1),
(93, '对不起', 'duìbuqǐ', 1),
(94, '多', 'duō', 1),
(95, '多少', 'duōshao', 1),
(96, '饿', 'è', 1),
(97, '儿子', 'érzi', 1),
(98, '二', 'èr', 1),
(99, '饭', 'fàn', 1),
(100, '饭店', 'fàndiàn', 1),
(101, '房间', 'fángjiān', 1),
(102, '房子', 'fángzi', 1),
(103, '放', 'fàng', 1),
(104, '放假', 'fàngjià', 1),
(105, '放学', 'fàngxué', 1),
(106, '飞', 'fēi', 1),
(107, '飞机', 'fēijī', 1),
(108, '非常', 'fēicháng', 1),
(109, '分', 'fēn', 1),
(110, '风', 'fēng', 1),
(111, '干', 'gān', 1),
(112, '干净', 'gānjìng', 1),
(113, '干', 'gàn', 1),
(114, '干什么', 'gànshénme', 1),
(115, '高', 'gāo', 1),
(116, '高兴', 'gāoxìng', 1),
(117, '告诉', 'gàosu', 1),
(118, '哥哥', 'gēge', 1),
(119, '歌', 'gē', 1),
(120, '个', 'gè', 1),
(121, '给', 'gěi', 1),
(122, '跟', 'gēn', 1),
(123, '工人', 'gōngrén', 1),
(124, '工作', 'gōngzuò', 1),
(125, '关', 'guān', 1),
(126, '关上', 'guānshàng', 1),
(127, '贵', 'guì', 1),
(128, '国', 'guó', 1),
(129, '国家', 'guójiā', 1),
(130, '国外', 'guówài', 1),
(131, '过', 'guò', 1),
(132, '还', 'hái', 1),
(133, '还是', 'háishi', 1),
(134, '还有', 'háiyǒu', 1),
(135, '孩子', 'háizi', 1),
(136, '汉语', 'hànyǔ', 1),
(137, '汉字', 'hànzì', 1),
(138, '好', 'hǎo', 1),
(139, '好吃', 'hǎochī', 1),
(140, '好看', 'hǎokàn', 1),
(141, '好听', 'hǎotīng', 1),
(142, '好玩儿', 'hǎowánr', 1),
(143, '号', 'hào', 1),
(144, '喝', 'hē', 1),
(145, '和', 'hé', 1),
(146, '很', 'hěn', 1),
(147, '后', 'hòu', 1),
(148, '后边', 'hòubiān', 1),
(149, '后天', 'hòutiān', 1),
(150, '花', 'huā', 1),
(151, '话', 'huà', 1),
(152, '坏', 'huài', 1),
(153, '还', 'huán', 1),
(154, '回', 'huí', 1),
(155, '回答', 'huídá', 1),
(156, '回到', 'huídào', 1),
(157, '回家', 'huíjiā', 1),
(158, '回来', 'huílái', 1),
(159, '回去', 'huíqù', 1),
(160, '会', 'huì', 1),
(161, '火车', 'huǒchē', 1),
(162, '机场', 'jīchǎng', 1),
(163, '机票', 'jīpiào', 1),
(164, '鸡蛋', 'jīdàn', 1),
(165, '几', 'jǐ', 1),
(166, '记', 'jì', 1),
(167, '记得', 'jìdé', 1),
(168, '记住', 'jìzhù', 1),
(169, '家', 'jiā', 1),
(170, '家里', 'jiālǐ', 1),
(171, '家人', 'jiārén', 1),
(172, '间', 'jiān', 1),
(173, '见', 'jiàn', 1),
(174, '见面', 'jiànmiàn', 1),
(175, '教', 'jiāo', 1),
(176, '叫', 'jiào', 1),
(177, '教学楼', 'jiàoxuélóu', 1),
(178, '姐姐', 'jiějie', 1),
(179, '介绍', 'jièshào', 1),
(180, '今年', 'jīnnián', 1),
(181, '今天', 'jīntiān', 1),
(182, '进', 'jìn', 1),
(183, '进来', 'jìnlái', 1),
(184, '进去', 'jìnqù', 1),
(185, '九', 'jiǔ', 1),
(186, '就', 'jiù', 1),
(187, '觉得', 'juédé', 1),
(188, '开', 'kāi', 1),
(189, '开车', 'kāichē', 1),
(190, '开会', 'kāihuì', 1),
(191, '开玩笑', 'kāiwánxiào', 1),
(192, '看', 'kàn', 1),
(193, '看病', 'kànbìng', 1),
(194, '看到', 'kàndào', 1),
(195, '看见', 'kànjiàn', 1),
(196, '考', 'kǎo', 1),
(197, '考试', 'kǎoshì', 1),
(198, '渴', 'kě', 1),
(199, '课', 'kè', 1),
(200, '课本', 'kèběn', 1),
(201, '课文', 'kèwén', 1),
(202, '口', 'kǒu', 1),
(203, '块', 'kuài', 1),
(204, '快', 'kuài', 1),
(205, '来', 'lái', 1),
(206, '来到', 'láidào', 1),
(207, '老', 'lǎo', 1),
(208, '老人', 'lǎorén', 1),
(209, '老师', 'lǎoshī', 1),
(210, '了', 'le', 1),
(211, '累', 'lèi', 1),
(212, '冷', 'lěng', 1),
(213, '里', 'lǐ', 1),
(214, '里边', 'lǐbiān', 1),
(215, '两', 'liǎng', 1),
(216, '零', 'líng', 1),
(217, '六', 'liù', 1),
(218, '楼', 'lóu', 1),
(219, '楼上', 'lóushàng', 1),
(220, '楼下', 'lóuxià', 1),
(221, '路', 'lù', 1),
(222, '路口', 'lùkǒu', 1),
(223, '路上', 'lùshàng', 1),
(224, '妈妈', 'māma', 1),
(225, '马路', 'mǎlù', 1),
(226, '马上', 'mǎshàng', 1),
(227, '吗', 'ma', 1),
(228, '买', 'mǎi', 1),
(229, '慢', 'màn', 1),
(230, '忙', 'máng', 1),
(231, '毛', 'máo', 1),
(232, '没', 'méi', 1),
(233, '没关系', 'méiguānxi', 1),
(234, '没什么', 'méishénme', 1),
(235, '没事儿', 'méishìr', 1),
(236, '没有', 'méiyǒu', 1),
(237, '妹妹', 'mèimei', 1),
(238, '门', 'mén', 1),
(239, '门口', 'ménkǒu', 1),
(240, '门票', 'ménpiào', 1),
(241, '们', 'men', 1),
(242, '米饭', 'mǐfàn', 1),
(243, '面包', 'miànbāo', 1),
(244, '面条儿', 'miàntiáor', 1),
(245, '名字', 'míngzi', 1),
(246, '明白', 'míngbai', 1),
(247, '明年', 'míngnián', 1),
(248, '明天', 'míngtiān', 1),
(249, '拿', 'ná', 1),
(250, '哪', 'nǎ', 1),
(251, '哪里', 'nǎlǐ', 1),
(252, '哪儿', 'nǎr', 1),
(253, '哪些', 'nǎxiē', 1),
(254, '那', 'nà', 1),
(255, '那边', 'nàbiān', 1),
(256, '那里', 'nàlǐ', 1),
(257, '那儿', 'nàr', 1),
(258, '那些', 'nàxiē', 1),
(259, '奶', 'nǎi', 1),
(260, '奶奶', 'nǎinai', 1),
(261, '男', 'nán', 1),
(262, '男孩儿', 'nánháir', 1),
(263, '男朋友', 'nánpéngyou', 1),
(264, '男人', 'nánrén', 1),
(265, '男生', 'nánshēng', 1),
(266, '南', 'nán', 1),
(267, '南边', 'nánbiān', 1),
(268, '难', 'nán', 1),
(269, '呢', 'ne', 1),
(270, '能', 'néng', 1),
(271, '你', 'nǐ', 1),
(272, '你们', 'nǐmen', 1),
(273, '年', 'nián', 1),
(274, '您', 'nín', 1),
(275, '牛奶', 'niúnǎi', 1),
(276, '女', 'nǚ', 1),
(277, '女儿', 'nǚér', 1),
(278, '女孩儿', 'nǚháir', 1),
(279, '女朋友', 'nǚpéngyou', 1),
(280, '女人', 'nǚrén', 1),
(281, '女生', 'nǚshēng', 1),
(282, '旁边', 'pángbiān', 1),
(283, '跑', 'pǎo', 1),
(284, '朋友', 'péngyou', 1),
(285, '票', 'piào', 1),
(286, '七', 'qī', 1),
(287, '起', 'qǐ', 1),
(288, '起床', 'qǐchuáng', 1),
(289, '起来', 'qǐlái', 1),
(290, '汽车', 'qìchē', 1),
(291, '前', 'qián', 1),
(292, '前边', 'qiánbiān', 1),
(293, '前天', 'qiántián', 1),
(294, '钱', 'qián', 1),
(295, '钱包', 'qiánbāo', 1),
(296, '请', 'qǐng', 1),
(297, '请假', 'qǐngjià', 1),
(298, '请进', 'qǐngjìn', 1),
(299, '请问', 'qǐngwèn', 1),
(300, '请坐', 'qǐngzuò', 1),
(301, '球', 'qiú', 1),
(302, '去', 'qù', 1),
(303, '去年', 'qùnián', 1),
(304, '热', 'rè', 1),
(305, '人', 'rén', 1),
(306, '认识', 'rènshi', 1),
(307, '认真', 'rènzhēn', 1),
(308, '日', 'rì', 1),
(309, '日期', 'rìqī', 1),
(310, '肉', 'ròu', 1),
(311, '三', 'sān', 1),
(312, '山', 'shān', 1),
(313, '商场', 'shāngchǎng', 1),
(314, '商店', 'shāngdiàn', 1),
(315, '上', 'shàng', 1),
(316, '上班', 'shàngbān', 1),
(317, '上边', 'shàngbiān', 1),
(318, '上车', 'shàngchē', 1),
(319, '上次', 'shàngcì', 1),
(320, '上课', 'shàngkè', 1),
(321, '上网', 'shàngwǎng', 1),
(322, '上午', 'shàngwǔ', 1),
(323, '上学', 'shàngxué', 1),
(324, '少', 'shǎo', 1),
(325, '谁', 'shéi', 1),
(326, '身上', 'shēnshang', 1),
(327, '身体', 'shēntǐ', 1),
(328, '什么', 'shénme', 1),
(329, '生病', 'shēngbìng', 1),
(330, '生气', 'shēngqì', 1),
(331, '生日', 'shēngrì', 1),
(332, '十', 'shí', 1),
(333, '时候', 'shíhou', 1),
(334, '时间', 'shíjiān', 1),
(335, '事', 'shì', 1),
(336, '试', 'shì', 1),
(337, '是', 'shì', 1),
(338, '是不是', 'shìbúshì', 1),
(339, '手', 'shǒu', 1),
(340, '手机', 'shǒujī', 1),
(341, '书', 'shū', 1),
(342, '书包', 'shūbāo', 1),
(343, '书店', 'shūdiàn', 1),
(344, '树', 'shù', 1),
(345, '水', 'shuǐ', 1),
(346, '水果', 'shuǐguǒ', 1),
(347, '睡', 'shuì', 1),
(348, '睡觉', 'shuìjiào', 1),
(349, '说', 'shuō', 1),
(350, '说话', 'shuōhuà', 1),
(351, '四', 'sì', 1),
(352, '送', 'sòng', 1),
(353, '岁', 'suì', 1),
(354, '他', 'tā', 1),
(355, '他们', 'tāmen', 1),
(356, '她', 'tā', 1),
(357, '她们', 'tāmen', 1),
(358, '太', 'tài', 1),
(359, '天', 'tiān', 1),
(360, '天气', 'tiānqì', 1),
(361, '听', 'tīng', 1),
(362, '听到', 'tīngdào', 1),
(363, '听见', 'tīngjiàn', 1),
(364, '听写', 'tīngxiě', 1),
(365, '同学', 'tóngxué', 1),
(366, '图书馆', 'túshūguǎn', 1),
(367, '外', 'wài', 1),
(368, '外边', 'wàibiān', 1),
(369, '外国', 'wàiguó', 1),
(370, '外语', 'wàiyǔ', 1),
(371, '玩儿', 'wánr', 1),
(372, '晚', 'wǎn', 1),
(373, '晚饭', 'wǎnfàn', 1),
(374, '晚上', 'wǎnshang', 1),
(375, '网上', 'wǎngshang', 1),
(376, '网友', 'wǎngyǒu', 1),
(377, '忘', 'wàng', 1),
(378, '忘记', 'wàngjì', 1),
(379, '问', 'wèn', 1),
(380, '我', 'wǒ', 1),
(381, '我们', 'wǒmen', 1),
(382, '五', 'wǔ', 1),
(383, '午饭', 'wǔfàn', 1),
(384, '西', 'xī', 1),
(385, '西边', 'xībiān', 1),
(386, '洗', 'xǐ', 1),
(387, '洗手间', 'xǐshǒujiān', 1),
(388, '喜欢', 'xǐhuan', 1),
(389, '下', 'xià', 1),
(390, '下班', 'xiàbān', 1),
(391, '下边', 'xiàbiān', 1),
(392, '下车', 'xiàchē', 1),
(393, '下次', 'xiàcì', 1),
(394, '下课', 'xiàkè', 1),
(395, '下午', 'xiàwǔ', 1),
(396, '下雨', 'xiàyǔ', 1),
(397, '先', 'xiān', 1),
(398, '先生', 'xiānsheng', 1),
(399, '现在', 'xiànzài', 1),
(400, '想', 'xiǎng', 1),
(401, '小', 'xiǎo', 1),
(402, '小孩儿', 'xiǎoháir', 1),
(403, '小姐', 'xiǎojiě', 1),
(404, '小朋友', 'xiǎopéngyǒu', 1),
(405, '小时', 'xiǎoshí', 1),
(406, '小学', 'xiǎoxué', 1),
(407, '小学生', 'xiǎoxuéshēng', 1),
(408, '笑', 'xiào', 1),
(409, '写', 'xiě', 1),
(410, '谢谢', 'xièxie', 1),
(411, '新', 'xīn', 1),
(412, '新年', 'xīnnián', 1),
(413, '星期', 'xīngqī', 1),
(414, '星期日', 'xīngqīrì', 1),
(415, '星期天', 'xīngqītiān', 1),
(416, '行', 'xíng', 1),
(417, '休息', 'xiūxi', 1),
(418, '学', 'xué', 1),
(419, '学生', 'xuésheng', 1),
(420, '学习', 'xuéxí', 1),
(421, '学校', 'xuéxiào', 1),
(422, '学院', 'xuéyuàn', 1),
(423, '要', 'yào', 1),
(424, '爷爷', 'yéye', 1),
(425, '也', 'yě', 1),
(426, '页', 'yè', 1),
(427, '一', 'yī', 1),
(428, '衣服', 'yīfu', 1),
(429, '医生', 'yīshēng', 1),
(430, '医院', 'yīyuàn', 1),
(431, '一半', 'yíbàn', 1),
(432, '一会儿', 'yíhuìr', 1),
(433, '一块儿', 'yíkuàir', 1),
(434, '一下儿', 'yíxiàr', 1),
(435, '一样', 'yíyàng', 1),
(436, '一边', 'yìbiān', 1),
(437, '一点儿', 'yìdiǎnr', 1),
(438, '一起', 'yìqǐ', 1),
(439, '一些', 'yìxiē', 1),
(440, '用', 'yòng', 1),
(441, '有', 'yǒu', 1),
(442, '有的', 'yǒude', 1),
(443, '有名', 'yǒumíng', 1),
(444, '有时候', 'yǒushíhou', 1),
(445, '有一些', 'yǒuyìxiē', 1),
(446, '有用', 'yǒuyòng', 1),
(447, '右', 'yòu', 1),
(448, '右边', 'yòubiān', 1),
(449, '雨', 'yǔ', 1),
(450, '元', 'yuán', 1),
(451, '远', 'yuǎn', 1),
(452, '月', 'yuè', 1),
(453, '再', 'zài', 1),
(454, '再见', 'zàijiàn', 1),
(455, '在', 'zài', 1),
(456, '在家', 'zàijiā', 1),
(457, '早', 'zǎo', 1),
(458, '早饭', 'zǎofàn', 1),
(459, '早上', 'zǎoshang', 1),
(460, '怎么', 'zěnme', 1),
(461, '站', 'zhàn', 1),
(462, '找', 'zhǎo', 1),
(463, '找到', 'zhǎodào', 1),
(464, '这', 'zhè', 1),
(465, '这边', 'zhèbiān', 1),
(466, '这里', 'zhèlǐ', 1),
(467, '这儿', 'zhèr', 1),
(468, '这些', 'zhèxiē', 1),
(469, '着', 'zhe', 1),
(470, '真', 'zhēn', 1),
(471, '真的', 'zhēnde', 1),
(472, '正', 'zhèng', 1),
(473, '正在', 'zhèngzài', 1),
(474, '知道', 'zhīdào', 1),
(475, '知识', 'zhīshi', 1),
(476, '中', 'zhōng', 1),
(477, '中国', 'zhōngguó', 1),
(478, '中间', 'zhōngjiān', 1),
(479, '中文', 'zhōngwén', 1),
(480, '中午', 'zhōngwǔ', 1),
(481, '中学', 'zhōngxué', 1),
(482, '中学生', 'zhōngxuésheng', 1),
(483, '重', 'zhòng', 1),
(484, '重要', 'zhòngyào', 1),
(485, '住', 'zhù', 1),
(486, '准备', 'zhǔnbèi', 1),
(487, '桌子', 'zhuōzi', 1),
(488, '字', 'zì', 1),
(489, '子', 'zi', 1),
(490, '走', 'zǒu', 1),
(491, '走路', 'zǒulù', 1),
(492, '最', 'zuì', 1),
(493, '最好', 'zuìhǎo', 1),
(494, '最后', 'zuìhòu', 1),
(495, '昨天', 'zuótiān', 1),
(496, '左', 'zuǒ', 1),
(497, '左边', 'zuǒbiān', 1),
(498, '坐', 'zuò', 1),
(499, '坐下', 'zuòxià', 1),
(500, '做', 'zuò', 1);

INSERT INTO examples (id, word_id, hanzi, pinyin) VALUES 
(1, 1, '我爱我妈妈。', 'Wǒ ài wǒ māma.'),
(2, 2, '我的爱好是看书。', 'Wǒ de àihào shì kànshū.'),
(3, 3, '我有八个苹果。', 'Wǒ yǒu bā gè píngguǒ.'),
(4, 4, '我爸爸是老师。', 'Wǒ bàba shì lǎoshī.'),
(5, 5, '我们走吧。', 'Wǒmen zǒu ba.'),
(6, 6, '我喜欢白色的衣服。', 'Wǒ xǐhuān báisè de yīfu.'),
(7, 7, '他白天在公司。', 'Tā báitiān zài gōngsī.'),
(8, 8, '这里有一百个人。', 'Zhèlǐ yǒu yībǎi gè rén.'),
(9, 9, '我在一年级一班。', 'Wǒ zài yī niánjí yī bān.'),
(10, 10, '现在三点半。', 'Xiànzài sān diǎn bàn.'),
(11, 11, '他学了半年汉语。', 'Tā xuéle bànnián Hànyǔ.'),
(12, 12, '我等了你半天。', 'Wǒ děngle nǐ bàntiān.'),
(13, 13, '请帮我。', 'Qǐng bāng wǒ.'),
(14, 14, '谢谢你的帮忙。', 'Xièxiè nǐ de bāngmáng.'),
(15, 15, '包里有书。', 'Bāo lǐ yǒu shū.'),
(16, 16, '我喜欢吃包子。', 'Wǒ xǐhuān chī bāozi.'),
(17, 17, '我要一杯水。', 'Wǒ yào yībēi shuǐ.'),
(18, 18, '杯子在桌子上。', 'Bēizi zài zhuōzi shàng.'),
(19, 19, '我在北京北边。', 'Wǒ zài Běijīng běibiān.'),
(20, 20, '车站往北边。', 'Chēzhàn wǎng běibiān.'),
(21, 21, '他去北京了。', 'Tā qù Běijīng le.'),
(22, 22, '我有三本书。', 'Wǒ yǒu sān běn shū.'),
(23, 23, '这是我的本子。', 'Zhè shì wǒ de běnzi.'),
(24, 24, '他比我大。', 'Tā bǐ wǒ dà.'),
(25, 25, '别去那里。', 'Bié qù nàlǐ.'),
(26, 26, '我不喜欢这个，我要别的。', 'Wǒ bù xǐhuān zhège, wǒ yào bié de.'),
(27, 27, '别告诉别人。', 'Bié gàosù biérén.'),
(28, 28, '他生病了。', 'Tā shēngbìng le.'),
(29, 29, '医院里有很多病人。', 'Yīyuàn lǐ yǒu hěnduō bìngrén.'),
(30, 30, '这个苹果不大。', 'Zhège píngguǒ búdà.'),
(31, 31, '你说得不对。', 'Nǐ shuō de búduì.'),
(32, 32, '不客气，再见。', 'Búkèqì, zàijiàn.'),
(33, 33, '不用谢。', 'Búyòng xiè.'),
(34, 34, '我不去学校。', 'Wǒ bù qù xuéxiào.'),
(35, 35, '这些菜很好吃。', 'Zhèxiē cài hěn hǎochī.'),
(36, 36, '请喝茶。', 'Qǐng hē chá.'),
(37, 37, '现在差五分十点。', 'Xiànzài chà wǔ fēn shí diǎn.'),
(38, 38, '我常看电影。', 'Wǒ cháng kàn diànyǐng.'),
(39, 39, '他常常去图书馆。', 'Tā chángcháng qù túshūguǎn.'),
(40, 40, '她喜欢唱歌。', 'Tā xǐhuān chànggē.'),
(41, 41, '我们在唱歌。', 'Wǒmen zài chànggē.'),
(42, 42, '这是我的车。', 'Zhè shì wǒ de chē.'),
(43, 43, '我买了车票。', 'Wǒ mǎile chēpiào.'),
(44, 44, '他在车上。', 'Tā zài chēshàng.'),
(45, 45, '车站就在这儿。', 'Chēzhàn jiù zài zhèr.'),
(46, 46, '你想吃什么？', 'Nǐ xiǎng chī shénme?'),
(47, 47, '我们一起吃饭吧。', 'Wǒmen yīqǐ chīfàn ba.'),
(48, 48, '他出去了。', 'Tā chūqùle.'),
(49, 49, '你出来吧。', 'Nǐ chūlái ba.'),
(50, 50, '我想出去。', 'Wǒ xiǎng chūqù.'),
(51, 51, '我穿这件衣服。', 'Wǒ chuān zhè jiàn yīfu.'),
(52, 52, '他在床上睡觉。', 'Tā zài chuáng shàng shuìjiào.'),
(53, 53, '我去了三次。', 'Wǒ qùle sān cì.'),
(54, 54, '从这儿到学校。', 'Cóng zhèr dào xuéxiào.'),
(55, 55, '这不是我的错。', 'Zhè búshì wǒ de cuò.'),
(56, 56, '他在打球。', 'Tā zài dǎqiú.'),
(57, 57, '我们打车去吧。', 'Wǒmen dǎchē qù ba.'),
(58, 58, '他在打电话。', 'Tā zài dǎ diànhuà.'),
(59, 59, '请打开门。', 'Qǐng dǎkāi mén.'),
(60, 60, '我不喜欢打球。', 'Wǒ bù xǐhuān dǎqiú.'),
(61, 61, '这个苹果很大。', 'Zhège píngguǒ hěn dà.'),
(62, 62, '他在大学读书。', 'Tā zài dàxué dúshū.'),
(63, 63, '我是大学生。', 'Wǒ shì dàxuéshēng.'),
(64, 64, '我到了家。', 'Wǒ dàole jiā.'),
(65, 65, '我得到了书。', 'Wǒ dédàole shū.'),
(66, 66, '高兴地笑。', 'Gāoxìng de xiào.'),
(67, 67, '这是我的。', 'Zhè shì wǒ de.'),
(68, 68, '等一下。', 'Děng yīxià.'),
(69, 69, '地上有水。', 'Dìshàng yǒu shuǐ.'),
(70, 70, '他在这个地点。', 'Tā zài zhège dìdiǎn.'),
(71, 71, '这是什么地方？', 'Zhè shì shénme dìfang?'),
(72, 72, '坐在地上。', 'Zuò zài dìshàng.'),
(73, 73, '我看地图。', 'Wǒ kàn dìtú.'),
(74, 74, '他是我弟弟。', 'Tā shì wǒ dìdi.'),
(75, 75, '这是第一。', 'Zhè shì dì yī.'),
(76, 76, '现在十点。', 'Xiànzài shí diǎn.'),
(77, 77, '这儿没电。', 'Zhèr méi diàn.'),
(78, 78, '接电话。', 'Jiē diànhuà.'),
(79, 79, '我看电脑。', 'Wǒ kàn diànnǎo.'),
(80, 80, '看电视。', 'Kàn diànshì.'),
(81, 81, '买电视机。', 'Mǎi diànshìjī.'),
(82, 82, '看电影。', 'Kàn diànyǐng.'),
(83, 83, '去电影院。', 'Qù diànyǐngyuàn.'),
(84, 84, '太阳从东升起。', 'Tàiyáng cóng dōng shēngqǐ.'),
(85, 85, '他在东边。', 'Tā zài dōngbiān.'),
(86, 86, '买东西。', 'Mǎi dōngxi.'),
(87, 87, '别动。', 'Bié dòng.'),
(88, 88, '动作快。', 'Dòngzuò kuài.'),
(89, 89, '我们都在家。', 'Wǒmen dōu zàijiā.'),
(90, 90, '读书。', 'Dúshū.'),
(91, 91, '他在学校读书。', 'Tā zài xuéxiào dúshū.'),
(92, 92, '是对的。', 'Shì duì de.'),
(93, 93, '对不起，我来晚了。', 'Duìbuqǐ, wǒ lái wǎnle.'),
(94, 94, '人很多。', 'Rén hěn duō.'),
(95, 95, '是多少？', 'Shì duōshao?'),
(96, 96, '我很饿。', 'Wǒ hěn è.'),
(97, 97, '他是我儿子。', 'Tā shì wǒ érzi.'),
(98, 98, '我有两个。', 'Wǒ yǒu liǎng gè.'),
(99, 99, '吃早饭。', 'Chī zǎofàn.'),
(100, 100, '去饭店 eat。', 'Qù fàndiàn chī.'),
(101, 101, '这个房间很干净。', 'Zhège fángjiān hěn gānjìng.'),
(102, 102, '我买了一座房子。', 'Wǒ mǎile yī zuò fángzi.'),
(103, 103, '把书放在这儿。', 'Bǎ shū fàng zài zhèr.'),
(104, 104, '明天放假。', 'Míngtiān fàngjià.'),
(105, 105, '我们三点放学。', 'Wǒmen sān diǎn fàngxué.'),
(106, 106, '鸟在飞。', 'Niǎo zài fēi.'),
(107, 107, '我坐飞机去北京。', 'Wǒ zuò fēijī qù Běijīng.'),
(108, 108, '他非常高兴。', 'Tā fēicháng gāoxìng.'),
(109, 109, '现在三点十分。', 'Xiànzài sān diǎn shí fēn.'),
(110, 110, '风很大。', 'Fēng hěn dà.'),
(111, 111, '这件衣服干了。', 'Zhè jiàn yīfu gānle.'),
(112, 112, '手很干净。', 'Shǒu hěn gānjìng.'),
(113, 113, '你在干吗？', 'Nǐ zài gànmá?'),
(114, 114, '你去学校干什么？', 'Nǐ qù xuéxiào gàn shénme?'),
(115, 115, '他很高。', 'Tā hěn gāo.'),
(116, 116, '见到你很高兴。', 'Jiàn dào nǐ hěn gāoxìng.'),
(117, 117, '请告诉我。', 'Qǐng gàosu wǒ.'),
(118, 118, '他是我哥哥。', 'Tā shì wǒ gēge.'),
(119, 119, '这首歌好听。', 'Zhè shǒu gē hǎotīng.'),
(120, 120, '三个苹果。', 'Sān gè píngguǒ.'),
(121, 121, '给你书。', 'Gěi nǐ shū.'),
(122, 122, '跟我走。', 'Gēn wǒ zǒu.'),
(123, 123, '他是一个工人。', 'Tā shì yīgè gōngrén.'),
(124, 124, '我喜欢我的工作。', 'Wǒ xǐhuān wǒ de gōngzuò.'),
(125, 125, '请关门。', 'Qǐng guānmén.'),
(126, 126, '关上电视。', 'Guānshàng diànshì.'),
(127, 127, '这个太贵了。', 'Zhège tài guìle.'),
(128, 128, '中国很大。', 'Zhōngguó hěn dà.'),
(129, 129, '我们要爱国家。', 'Wǒmen yào ài guójiā.'),
(130, 130, '他去国外了。', 'Tā qù guówàile.'),
(131, 131, '我没去过。', 'Wǒ méi qùguò.'),
(132, 132, '他还没来。', 'Tā hái méi lái.'),
(133, 133, '还是这个好。', 'Háishi zhège hǎo.'),
(134, 134, '还有谁？', 'Háiyǒu shéi?'),
(135, 135, '他在看孩子。', 'Tā zài kàn háizi.'),
(136, 136, '我会说汉语。', 'Wǒ huì shuō hànyǔ.'),
(137, 137, '汉字很难学。', 'Hànzì hěn nán xué.'),
(138, 138, '天气很好。', 'Tiānqì hěn hǎo.'),
(139, 139, '包子很好吃。', 'Bāozi hěn hǎochī.'),
(140, 140, '衣服好看。', 'Yīfu hǎokàn.'),
(141, 141, '这首歌好听。', 'Zhè shǒu gē hǎotīng.'),
(142, 142, '那儿很好玩儿。', 'Nàr hěn hǎowánr.'),
(143, 143, '今天是十号。', 'Jīntiān architecture shí hào.'),
(144, 144, '我想喝茶。', 'Wǒ xiǎng hē chá.'),
(145, 145, '我和你。', 'Wǒ hé nǐ.'),
(146, 146, '我很忙。', 'Wǒ hěn máng.'),
(147, 147, '三天后。', 'Sān tiān hòu.'),
(148, 148, '他在后边。', 'Tā zài hòubiān.'),
(149, 149, '后天见。', 'Hòutiān jiàn.'),
(150, 150, '这花很漂亮。', 'Zhè huā hěn piàoliang.'),
(151, 151, '他说了很多话。', 'Tā shuōle hěnduō huà.'),
(152, 152, '这个苹果坏了。', 'Zhège píngguǒ huàile.'),
(153, 153, '我还你书。', 'Wǒ huán nǐ shū.'),
(154, 154, '他在回家的路上。', 'Tā zài huí jiā de lùshàng.'),
(155, 155, '请回答我的问题。', 'Qǐng huídá wǒ de wèntí.'),
(156, 156, '我回到了北京。', 'Wǒ huídàole Běijīng.'),
(157, 157, '我想回家。', 'Wǒ xiǎng huíjiā.'),
(158, 158, '他什么时候回来？', 'Tā shénme shíhou huílái?'),
(159, 159, '你快回去吧。', 'Nǐ kuài huíqù ba.'),
(160, 160, '我会说中文。', 'Wǒ huì shuō Zhōngwén.'),
(161, 161, '我坐火车去。', 'Wǒ zuò huǒchē qù.'),
(162, 162, '我在机场等你。', 'Wǒ zài jīchǎng děng nǐ.'),
(163, 163, '机票很贵。', 'Jīpiào hěn guì.'),
(164, 164, '我想吃鸡蛋。', 'Wǒ xiǎng chī jīdàn.'),
(165, 165, '你有几个苹果？', 'Nǐ yǒu jǐ gè píngguǒ?'),
(166, 166, '请记在纸上。', 'Qǐng jì zài zhǐ shàng.'),
(167, 167, '我不记得了。', 'Wǒ bù jìdé le.'),
(168, 168, '请记住我的话。', 'Qǐng jìzhù wǒ de huà.'),
(169, 169, '我家在北京。', 'Wǒjiā zài Běijīng.'),
(170, 170, '他在家里。', 'Tā zài jiālǐ.'),
(171, 171, '我爱我的家人。', 'Wǒ ài wǒ de jiārén.'),
(172, 172, '这间房。', 'Zhè jiān fáng.'),
(173, 173, '再见。', 'Zàijiàn.'),
(174, 174, '我想和你见面。', 'Wǒ xiǎng hé nǐ jiànmiàn.'),
(175, 175, '他教我汉语。', 'Tā jiāo wǒ Hànyǔ.'),
(176, 176, '我叫王明。', 'Wǒ jiào Wáng Míng.'),
(177, 177, '教学楼在那儿。', 'Jiàoxuélóu zài nàr.'),
(178, 178, '她是我姐姐。', 'Tā shì wǒ jiějie.'),
(179, 179, '请介绍一下。', 'Qǐng jièshào yīxià.'),
(180, 180, '我今年二十岁。', 'Wǒ jīnnián èrshí suì.'),
(181, 181, '今天天气很好。', 'Jīntiān tiānqì hěn hǎo.'),
(182, 182, '请进。', 'Qǐng jìn.'),
(183, 183, '他进来了。', 'Tā jìnláile.'),
(184, 184, '我们进去吧。', 'Wǒmen jìnqù ba.'),
(185, 185, '九个人。', 'Jiǔ gè rén.'),
(186, 186, '我这就去。', 'Wǒ zhè jiù qù.'),
(187, 187, '我觉得很累。', 'Wǒ juédé hěn lèi.'),
(188, 188, '开门。', 'Kāimén.'),
(189, 189, '他会开车。', 'Tā huì kāichē.'),
(190, 190, '我们在开会。', 'Wǒmen zài kāihuì.'),
(191, 191, '别开玩笑。', 'Bié kāiwánxiào.'),
(192, 192, '他在看书。', 'Tā zài kànshū.'),
(193, 193, '我去医院看病。', 'Wǒ qù yīyuàn kànbìng.'),
(194, 194, '我看到他了。', 'Wǒ kàndàole tā.'),
(195, 195, '你看见了吗？', 'Nǐ kànjiànle ma?'),
(196, 196, '考汉语。', 'Kǎo Hànyǔ.'),
(197, 197, '明天有考试。', 'Míngtiān yǒu kǎoshì.'),
(198, 198, '我渴了。', 'Wǒ kěle.'),
(199, 199, '现在上课。', 'Xiànzài shàngkè.'),
(200, 200, '打开课本。', 'Dǎkāi kèběn.'),
(201, 201, '请读课文。', 'Qǐng dú kèwén.'),
(202, 202, '我家有五口人。', 'Wǒjiā yǒu wǔ kǒu rén.'),
(203, 203, '三块钱。', 'Sān kuài qián.'),
(204, 204, '他跑得很快。', 'Tā pǎo de hěn kuài.'),
(205, 205, '他来到我家。', 'Tā lái dào wǒjiā.'),
(206, 206, '欢迎来到北京。', 'Huānyíng láidào Běijīng.'),
(207, 207, '那是我的老房子。', 'Nà shì wǒ de lǎo fángzi.'),
(208, 208, '我们要帮助老人。', 'Wǒmen yào bāngzhù lǎorén.'),
(209, 209, '老师好。', 'Lǎoshī hǎo.'),
(210, 210, '他来了。', 'Tā láile.'),
(211, 211, '我很累。', 'Wǒ hěn lèi.'),
(212, 212, '今天很冷。', 'Jīntiān hěn lěng.'),
(213, 213, '书包里有书。', 'Shūbāo lǐ yǒu shū.'),
(214, 214, '里边请。', 'Lǐbiān qǐng.'),
(215, 215, '我有两个弟弟。', 'Wǒ yǒu liǎng gè dìdi.'),
(216, 216, '二零二五年。', 'Èr líng èrwǔ nián.'),
(217, 217, '六个苹果。', 'Liù gè píngguǒ.'),
(218, 218, '这是一号楼。', 'Zhè shì yī hào lóu.'),
(219, 219, '他在楼上。', 'Tā zài lóushàng.'),
(220, 220, '我们在楼下。', 'Wǒmen zài lóuxià.'),
(221, 221, '这条路很长。', 'Zhè tiáo lù hěn cháng.'),
(222, 222, '在路口等我。', 'Zài lùkǒu děng wǒ.'),
(223, 223, '他在路上。', 'Tā zài lùshàng.'),
(224, 224, '我爱我妈妈。', 'Wǒ ài wǒ māma.'),
(225, 225, '过马路。', 'Guò mǎlù.'),
(226, 226, '我马上就来。', 'Wǒ mǎshàng jiù lái.'),
(227, 227, '你是老师吗？', 'Nǐ shì lǎoshī ma?'),
(228, 228, '我想买书。', 'Wǒ xiǎng mǎishū.'),
(229, 229, '请慢走。', 'Qǐng màn zǒu.'),
(230, 230, '我很忙。', 'Wǒ hěn máng.'),
(231, 231, '五毛钱。', 'Wǔ máo qián.'),
(232, 232, '我没去。', 'Wǒ méi qù.'),
(233, 233, '没关系，谢谢。', 'Méiguānxi, xièxiè.'),
(234, 234, '没什么，别担心。', 'Méishénme, bié dānxīn.'),
(235, 235, '我没事儿。', 'Wǒ méishìr.'),
(236, 236, '我没有钱。', 'Wǒ méiyǒu qián.'),
(237, 237, '她是我妹妹。', 'Tā shì wǒ mèimei.'),
(238, 238, '请开门。', 'Qǐng kāimén.'),
(239, 239, '我在门口。', 'Wǒ zài ménkǒu.'),
(240, 240, '买门票。', 'Mǎi ménpiào.'),
(241, 241, '同学们好。', 'Tóngxuémen hǎo.'),
(242, 242, '吃米饭。', 'Chī mǐfàn.'),
(243, 243, '我喜欢吃面包。', 'Wǒ xǐhuān chī miànbāo.'),
(244, 244, '两碗面条儿。', 'Liǎng wǎn miàntiáor.'),
(245, 245, '你的名字是什么？', 'Nǐ de míngzi shì shénme?'),
(246, 246, '我明白了。', 'Wǒ míngbaile.'),
(247, 247, '明年见。', 'Míngnián jiàn.'),
(248, 248, '明天见。', 'Míngtiān jiàn.'),
(249, 249, '我拿书。', 'Wǒ ná shū.'),
(250, 250, '你是哪国人？', 'Nǐ shì nǎ guó rén?'),
(251, 251, '他在哪里？', 'Tā zài nǎlǐ?'),
(252, 252, '你去哪儿？', 'Nǐ qù nǎr?'),
(253, 253, '哪些是你的？', 'Nǎxiē shì nǐ de?'),
(254, 254, '那是书。', 'Nà shì shū.'),
(255, 255, '他在那边。', 'Tā zài nàbiān.'),
(256, 256, '我去那里。', 'Wǒ qù nàlǐ.'),
(257, 257, '那儿有人。', 'Nàr yǒurén.'),
(258, 258, '那些是我的书。', 'Nàxiē shì wǒ de shū.'),
(259, 259, '我想喝奶。', 'Wǒ xiǎng hē nǎi.'),
(260, 260, '我奶奶很好。', 'Wǒ nǎinai hěn hǎo.'),
(261, 261, '男学生。', 'Nán xuésheng.'),
(262, 262, '那个男孩儿在那儿。', 'Nàge nánháir zài nàr.'),
(263, 263, '他是我男朋友。', 'Tā shì wǒ nánpéngyou.'),
(264, 264, '三个男人。', 'Sān gè nánrén.'),
(265, 265, '我们学校有很多男生。', 'Wǒmen xuéxiào yǒu hěnduō nánshēng.'),
(266, 266, '向南走。', 'Xiàng nán zǒu.'),
(267, 267, '学校在南边。', 'Xuéxiào zài nánbiān.'),
(268, 268, '汉语不难。', 'Hànyǔ bù nán.'),
(269, 269, '你呢？', 'Nǐ ne?'),
(270, 270, '我能去。', 'Wǒ néng qù.'),
(271, 271, '你好。', 'Nǐ hǎo.'),
(272, 272, '你们在哪儿？', 'Nǐmen zài nǎr?'),
(273, 273, '一年。', 'Yī nián.'),
(274, 274, '您贵姓？', 'Nín guìxìng?'),
(275, 275, '我喝牛奶。', 'Wǒ hē niúnǎi.'),
(276, 276, '女老师。', 'Nǚ lǎoshī.'),
(277, 277, '她是我女儿。', 'Tā shì wǒ nǚér.'),
(278, 278, '那个女孩儿在那儿。', 'Nàge nǚháir zài nàr.'),
(279, 279, '她是我女朋友。', 'Tā shì wǒ nǚpéngyou.'),
(280, 280, '那是三个女人。', 'Nà shì sān gè nǚrén.'),
(281, 281, '我们学校有很多女生。', 'Wǒmen xuéxiào yǒu hěnduō nǚshēng.'),
(282, 282, '书在电脑旁边。', 'Shū zài diànnǎo pángbiān.'),
(283, 283, '他在跑步。', 'Tā zài pǎobù.'),
(284, 284, '他是我朋友。', 'Tā shì wǒ péngyou.'),
(285, 285, '买票。', 'Mǎi piào.'),
(286, 286, '七个。', 'Qī gè.'),
(287, 287, '在一起。', 'Zài yīqǐ.'),
(288, 288, '我六点起床。', 'Wǒ liù diǎn qǐchuáng.'),
(289, 289, '站起来。', 'Zhàn qǐlái.'),
(290, 290, '他买了一辆汽车。', 'Tā mǎile yī liàng qìchē.'),
(291, 291, '三天前。', 'Sān tiān qián.'),
(292, 292, '他在我前边。', 'Tā zài wǒ qiánbiān.'),
(293, 293, '前天我去北京了。', 'Qiántián wǒ qù Běijīng le.'),
(294, 294, '我有钱。', 'Wǒ yǒu qián.'),
(295, 295, '钱包在书包里。', 'Qiánbāo zài shūbāo lǐ.'),
(296, 296, '请进。', 'Qǐng jìn.'),
(297, 297, '我想请假。', 'Wǒ xiǎng qǐngjià.'),
(298, 298, '老师，请进。', 'Lǎoshī, qǐng jìn.'),
(299, 299, '请问，他在家吗？', 'Qǐngwèn, tā zàijiā ma?'),
(300, 300, '请坐。', 'Qǐng zuò.'),
(301, 301, '他在打球。', 'Tā zài dǎqiú.'),
(302, 302, '我去学校。', 'Wǒ qù xuéxiào.'),
(303, 303, '他去年去中国了。', 'Tā qùnián qù Zhōngguó le.'),
(304, 304, '今天很热。', 'Jīntiān hěn rè.'),
(305, 305, '他是好人。', 'Tā shì hǎorén.'),
(306, 306, '我不认识他。', 'Wǒ bù rènshi tā.'),
(307, 307, '他工作很认真。', 'Tā gōngzuò hěn rènzhēn.'),
(308, 308, '二月十日。', 'Èr yuè shí rì.'),
(309, 309, '今天的日期。', 'Jīntiān de rìqī.'),
(310, 310, '我想吃肉。', 'Wǒ xiǎng chī ròu.'),
(311, 311, '三个。', 'Sān gè.'),
(312, 312, '那座山很高。', 'Nà zuò shān hěn gāo.'),
(313, 313, '去商场买东西。', 'Qù shāngchǎng mǎi dōngxi.'),
(314, 314, '商店里有书。', 'Shāngdiàn lǐ yǒu shū.'),
(315, 315, '桌子上。', 'Zhuōzi shàng.'),
(316, 316, '我八点上班。', 'Wǒ bā diǎn shàngbān.'),
(317, 317, '在柜子上边。', 'Zài guìzi shàngbiān.'),
(318, 318, '请上车。', 'Qǐng shàngchē.'),
(319, 319, '上次我没去。', 'Shàngcì wǒ méi qù.'),
(320, 320, '我们上课吧。', 'Wǒmen shàngkè ba.'),
(321, 321, '他在上网。', 'Tā zài shàngwǎng.'),
(322, 322, '今天上午。', 'Jīntiān shàngwǔ.'),
(323, 323, '孩子去上学。', 'Háizi qù shàngxué.'),
(324, 324, '人很少。', 'Rén hěn shǎo.'),
(325, 325, '他是谁？', 'Tā shì shéi?'),
(326, 326, '他身上有钱。', 'Tā shēnshang yǒu qián.'),
(327, 327, '身体健康。', 'Shēntǐ jiànkāng.'),
(328, 328, '这是什么？', 'Zhè shì shénme?'),
(329, 329, '他生病了。', 'Tā shēngbìng le.'),
(330, 330, '别生气。', 'Bié shēngqì.'),
(331, 331, '祝你生日快乐。', 'Zhù nǐ shēngrì kuàilè.'),
(332, 332, '十个人。', 'Shí gè rén.'),
(333, 333, '什么时候？', 'Shénme shíhou?'),
(334, 334, '没时间。', 'Méi shíjiān.'),
(335, 335, '什么事？', 'Shénme shì?'),
(336, 336, '试一下。', 'Shì yīxià.'),
(337, 337, '我是学生。', 'Wǒ shì xuésheng.'),
(338, 338, '你是不是老师？', 'Nǐ shìbúshì lǎoshī?'),
(339, 339, '手很干净。', 'Shǒu hěn gānjìng.'),
(340, 340, '我的手机。', 'Wǒ de shǒujī.'),
(341, 341, '我看书。', 'Wǒ kànshū.'),
(342, 342, '书包里有书。', 'Shūbāo lǐ yǒu shū.'),
(343, 343, '去书店买书。', 'Qù shūdiàn mǎishū.'),
(344, 344, '那里有很多树。', 'Nàlǐ yǒu hěnduō shù.'),
(345, 345, '请喝水。', 'Qǐng hēshuǐ.'),
(346, 346, '我想吃水果。', 'Wǒ xiǎng chī shuǐguǒ.'),
(347, 347, '他在睡。', 'Tā zài shuì.'),
(348, 348, '该睡觉了。', 'Gāi shuìjiào le.'),
(349, 349, '你说什么？', 'Nǐ shuō shénme?'),
(350, 350, '别说话。', 'Bié shuōhuà.'),
(351, 351, '四个苹果。', 'Sì gè píngguǒ.'),
(352, 352, '我送你。', 'Wǒ sòng nǐ.'),
(353, 353, '他五岁。', 'Tā wǔ suì.'),
(354, 354, '他是我的朋友。', 'Tā shì wǒ de péngyou.'),
(355, 355, '他们在那儿。', 'Tāmen zài nàr.'),
(356, 356, '她是老师。', 'Tā shì lǎoshī.'),
(357, 357, '她们在学习。', 'Tāmen zài xuéxí.'),
(358, 358, '太大了。', 'Tài dà le.'),
(359, 359, '三天。', 'Sān tiān.'),
(360, 360, '天气很好。', 'Tiānqì hěn hǎo.'),
(361, 361, '听音乐。', 'Tīng yīnyuè.'),
(362, 362, '我听到了。', 'Wǒ tīngdàole.'),
(363, 363, '你听见了吗？', 'Nǐ tīngjiànle ma?'),
(364, 364, '明天有听写。', 'Míngtiān yǒu tīngxiě.'),
(365, 365, '他是我同学。', 'Tā shì wǒ tóngxué.'),
(366, 366, '我去图书馆。', 'Wǒ qù túshūguǎn.'),
(367, 367, '外面。', 'Wàimiàn.'),
(368, 368, '他在外边。', 'Tā zài wàibiān.'),
(369, 369, '去外国。', 'Qù wàiguó.'),
(370, 370, '我学外语。', 'Wǒ xué wàiyǔ.'),
(371, 371, '在那儿玩儿。', 'Zài nàr wánr.'),
(372, 372, '他来晚了。', 'Tā lái wǎn le.'),
(373, 373, '吃晚饭。', 'Chī wǎnfàn.'),
(374, 374, '他在晚上工作。', 'Tā zài wǎnshang gōngzuò.'),
(375, 375, '在网上买书。', 'Zài wǎngshang mǎishū.'),
(376, 376, '我有三个网友。', 'Wǒ yǒu sān gè wǎngyǒu.'),
(377, 377, '别忘了。', 'Bié wàng le.'),
(378, 378, '我忘记了他的名字。', 'Wǒ wàngjìle tā de míngzi.'),
(379, 379, '请问你。', 'Qǐngwèn nǐ.'),
(380, 380, '我是学生。', 'Wǒ shì xuésheng.'),
(381, 381, '我们走吧。', 'Wǒmen zǒu ba.'),
(382, 382, '五块钱。', 'Wǔ kuài qián.'),
(383, 383, '吃午饭。', 'Chī wǔfàn.'),
(384, 384, '太阳在西。', 'Tàiyáng zài xī.'),
(385, 385, '他在西边。', 'Tā zài xībiān.'),
(386, 386, '洗衣服。', 'Xǐ yīfu.'),
(387, 387, '洗手间在那儿。', 'Xǐshǒujiān zài nàr.'),
(388, 388, '我喜欢吃包子。', 'Wǒ xǐhuan chī bāozi.'),
(389, 389, '下楼。', 'Xiàlóu.'),
(390, 390, '五点下班。', 'Wǔ diǎn xiàbān.'),
(391, 391, '在桌子下边。', 'Zài zhuōzi xiàbiān.'),
(392, 392, '该下车了。', 'Gāi xiàchē le.'),
(393, 393, '下次再见。', 'Xiàcì zàijiàn.'),
(394, 394, '四点下课。', 'Sì diǎn xiàkè.'),
(395, 395, '下午好。', 'Xiàwǔ hǎo.'),
(396, 396, '外面在下雨。', 'Wàimiàn zài xiàyǔ.'),
(397, 397, '我先走。', 'Wǒ xiān zǒu.'),
(398, 398, '王先生。', 'Wáng xiānsheng.'),
(399, 399, '现在几点？', 'Xiànzài jǐ diǎn?'),
(400, 400, '我想吃苹果。', 'Wǒ xiǎng chī píngguǒ.'),
(401, 401, '这个猫很小。', 'Zhège māo hěn xiǎo.'),
(402, 402, '那个小孩儿很可爱。', 'Nàge xiǎoháir hěn kě''ài.'),
(403, 403, '王小姐。', 'Wáng xiǎojiě.'),
(404, 404, '小朋友们，你们好。', 'Xiǎopéngyǒumen, nǐmen hǎo.'),
(405, 405, '一个小时。', 'Yīgè xiǎoshí.'),
(406, 406, '他在小学读书。', 'Tā zài xiǎoxué dúshū.'),
(407, 407, '我是小学生。', 'Wǒ shì xiǎoxuéshēng.'),
(408, 408, '别笑我。', 'Bié xiào wǒ.'),
(409, 409, '写汉字。', 'Xiě hànzì.'),
(410, 410, '谢谢你。', 'Xièxiè nǐ.'),
(411, 411, '新衣服。', 'Xīn yīfu.'),
(412, 412, '新年快乐。', 'Xīnnián kuàilè.'),
(413, 413, '一个星期。', 'Yīgè xīngqī.'),
(414, 414, '今天是星期日。', 'Jīntiān shì xīngqīrì.'),
(415, 415, '星期天不工作。', 'Xīngqītiān bù gōngzuò.'),
(416, 416, '行不行？', 'Xíng bù xíng?'),
(417, 417, '休息一下。', 'Xiūxi yīxià.'),
(418, 418, '学汉语。', 'Xué Hànyǔ.'),
(419, 419, '他是我的学生。', 'Tā shì wǒ de xuésheng.'),
(420, 420, '他在学习。', 'Tā zài xuéxí.'),
(421, 421, '我去学校。', 'Wǒ qù xuéxiào.'),
(422, 422, '在北京学院。', 'Zài Běijīng xuéyuàn.'),
(423, 423, '我要这个。', 'Wǒ yào zhège.'),
(424, 424, '我爱爷爷。', 'Wǒ ài yéye.'),
(425, 425, '我也去。', 'Wǒ yě qù.'),
(426, 426, '第十页。', 'Dì shí yè.'),
(427, 427, '一个。', 'Yīgè.'),
(428, 428, '买衣服。', 'Mǎi yīfu.'),
(429, 429, '他是医生。', 'Tā shì yīshēng.'),
(430, 430, '去医院看病。', 'Qù yīyuàn kànbìng.'),
(431, 431, '给我一半。', 'Gěi wǒ yíbàn.'),
(432, 432, '等一会儿。', 'Děng yíhuìr.'),
(433, 433, '一块儿走吧。', 'Yíkuàir zǒu ba.'),
(434, 434, '看一下儿。', 'Kàn yíxiàr.'),
(435, 435, '我们一样大。', 'Wǒmen yíyàng dà.'),
(436, 436, '一边写一边读。', 'Yìbiān xiě yìbiān dú.'),
(437, 437, '有一点儿冷。', 'Yǒu yìdiǎnr lěng.'),
(438, 438, '我们一起走。', 'Wǒmen yìqǐ zǒu.'),
(439, 439, '一些苹果。', 'Yìxiē píngguǒ.'),
(440, 440, '用电脑。', 'Yòng diànnǎo.'),
(441, 441, '我有钱。', 'Wǒ yǒu qián.'),
(442, 442, '有的书很好。', 'Yǒude shū hěn hǎo.'),
(443, 443, '他很有名。', 'Tā hěn yǒumíng.'),
(444, 444, '有时候我去学校。', 'Yǒushíhou wǒ qù xuéxiào.'),
(445, 445, '有一些苹果。', 'Yǒuyìxiē píngguǒ.'),
(446, 446, '很有用。', 'Hěn yǒuyòng.'),
(447, 447, '向右走。', 'Xiàng yòu zǒu.'),
(448, 448, '他在右边。', 'Tā zài yòubiān.'),
(449, 449, '下雨了。', 'Xiàyǔ le.'),
(450, 450, '十元。', 'Shí yuán.'),
(451, 451, '学校不远。', 'Xuéxiào bù yuǎn.'),
(452, 452, '十月。', 'Shí yuè.'),
(453, 453, '请再说一次。', 'Qǐng zài shuō yí cì.'),
(454, 454, '老师，再见。', 'Lǎoshī, zàijiàn.'),
(455, 455, '我在学校。', 'Wǒ zài xuéxiào.'),
(456, 456, '他在家。', 'Tā zàijiā.'),
(457, 457, '老师早。', 'Lǎoshī zǎo.'),
(458, 458, '吃早饭。', 'Chī zǎofàn.'),
(459, 459, '今天早上。', 'Jīntiān zǎoshang.'),
(460, 460, '你怎么了？', 'Nǐ zěnme le?'),
(461, 461, '车站。', 'Chēzhàn.'),
(462, 462, '我找书。', 'Wǒ zhǎo shū.'),
(463, 463, '我找到了。', 'Wǒ zhǎodàole.'),
(464, 464, '这是我的。', 'Zhè shì wǒ de.'),
(465, 465, '请往这边走。', 'Qǐng wǎng zhèbiān zǒu.'),
(466, 466, '我在这里。', 'Wǒ zài zhèlǐ.'),
(467, 467, '这儿有人吗？', 'Zhèr yǒurén ma?'),
(468, 468, '这些是我的书。', 'Zhèxiē shì wǒ de shū.'),
(469, 469, '门开着。', 'Mén kāizhe.'),
(470, 470, '天气真好。', 'Tiānqì zhēn hǎo.'),
(471, 471, '这是真的。', 'Zhè shì zhēnde.'),
(472, 472, '现在正十点。', 'Xiànzài zhèng shí diǎn.'),
(473, 473, '他正在学习。', 'Tā zhèngzài xuéxí.'),
(474, 474, '我知道了。', 'Wǒ zhīdàole.'),
(475, 475, '我们要学知识。', 'Wǒmen yào xué zhīshi.'),
(476, 476, '心中。', 'Xīnzhōng.'),
(477, 477, '我去中国。', 'Wǒ qù Zhōngguó.'),
(478, 478, '坐在中间。', 'Zuò zài zhōngjiān.'),
(479, 479, '我会说中文。', 'Wǒ huì shuō Zhōngwén.'),
(480, 480, '中午吃饭。', 'Zhōngwǔ chīfàn.'),
(481, 481, '他在中学。', 'Tā zài zhōngxué.'),
(482, 482, '我是中学生。', 'Wǒ shì zhōngxuésheng.'),
(483, 483, '这个包很重。', 'Zhège bāo hěn zhòng.'),
(484, 484, '这事很重要。', 'Zhè shì hěn zhòngyào.'),
(485, 485, '他在北京住。', 'Tā zài Běijīng zhù.'),
(486, 486, '准备好了。', 'Zhǔnbèi hǎole.'),
(487, 487, '桌子上有书。', 'Zhuōzi shàng yǒu shū.'),
(488, 488, '这个字怎么读？', 'Zhège zì zěnme dú?'),
(489, 489, '桌子。', 'Zhuōzi.'),
(490, 490, '我们走吧。', 'Wǒmen zǒu ba.'),
(491, 491, '我走路去学校。', 'Wǒ zǒulù qù xuéxiào.'),
(492, 492, '我最喜欢这个。', 'Wǒ zuì xǐhuān zhège.'),
(493, 493, '这是最好的。', 'Zhè shì zuìhǎo de.'),
(494, 494, '最后一个。', 'Zuìhòu yígè.'),
(495, 495, '昨天我没去。', 'Zuótiān wǒ méi qù.'),
(496, 496, '向左走。', 'Xiàng zuǒ zǒu.'),
(497, 497, '他在左边。', 'Tā zài zuǒbiān.'),
(498, 498, '坐下。', 'Zuòxià.'),
(499, 499, '请坐下。', 'Qǐng zuòxià.'),
(500, 500, '他在做饭。', 'Tā zài zuòfàn.');

INSERT INTO word_translations (word_id, language, value) VALUES 
(1, 'id', 'cinta'),
(1, 'en', 'love'),
(2, 'id', 'hobi'),
(2, 'en', 'hobby'),
(3, 'id', 'delapan'),
(3, 'en', 'eight'),
(4, 'id', 'ayah'),
(4, 'en', 'dad'),
(5, 'id', 'partikel saran'),
(5, 'en', 'modal particle'),
(6, 'id', 'putih'),
(6, 'en', 'white'),
(7, 'id', 'siang hari'),
(7, 'en', 'daytime'),
(8, 'id', 'ratus'),
(8, 'en', 'hundred'),
(9, 'id', 'kelas'),
(9, 'en', 'class'),
(10, 'id', 'setengah'),
(10, 'en', 'half'),
(11, 'id', 'setengah tahun'),
(11, 'en', 'half a year'),
(12, 'id', 'setengah hari'),
(12, 'en', 'half day'),
(13, 'id', 'bantu'),
(13, 'en', 'help'),
(14, 'id', 'membantu'),
(14, 'en', 'help'),
(15, 'id', 'tas/paket'),
(15, 'en', 'package'),
(16, 'id', 'bakpao'),
(16, 'en', 'bun'),
(17, 'id', 'gelas (satuan)'),
(17, 'en', 'cup'),
(18, 'id', 'gelas'),
(18, 'en', 'cup'),
(19, 'id', 'utara'),
(19, 'en', 'north'),
(20, 'id', 'sisi utara'),
(20, 'en', 'North side'),
(21, 'id', 'Beijing'),
(21, 'en', 'Beijing'),
(22, 'id', 'buah (buku)'),
(22, 'en', 'measure word for books'),
(23, 'id', 'buku tulis'),
(23, 'en', 'notebook'),
(24, 'id', 'dibandingkan'),
(24, 'en', 'comparison'),
(25, 'id', 'jangan'),
(25, 'en', 'Don''t'),
(26, 'id', 'yang lain'),
(26, 'en', 'other'),
(27, 'id', 'orang lain'),
(27, 'en', 'other people'),
(28, 'id', 'sakit'),
(28, 'en', 'disease/illness'),
(29, 'id', 'pasien'),
(29, 'en', 'patient'),
(30, 'id', 'tidak besar'),
(30, 'en', 'not big'),
(31, 'id', 'salah'),
(31, 'en', 'wrong'),
(32, 'id', 'sama-sama'),
(32, 'en', 'You''re welcome'),
(33, 'id', 'tidak usah'),
(33, 'en', 'No need to'),
(34, 'id', 'tidak'),
(34, 'en', 'No/Not'),
(35, 'id', 'hidangan/sayur'),
(35, 'en', 'dish/vegetable'),
(36, 'id', 'teh'),
(36, 'en', 'tea'),
(37, 'id', 'kurang/buruk'),
(37, 'en', 'bad/short of'),
(38, 'id', 'sering'),
(38, 'en', 'often'),
(39, 'id', 'sering'),
(39, 'en', 'often'),
(40, 'id', 'menyanyi'),
(40, 'en', 'sing'),
(41, 'id', 'bernyanyi'),
(41, 'en', 'sing'),
(42, 'id', 'mobil/kendaraan'),
(42, 'en', 'car'),
(43, 'id', 'tiket'),
(43, 'en', 'ticket'),
(44, 'id', 'di atas mobil'),
(44, 'en', 'in the car'),
(45, 'id', 'stasiun/halte'),
(45, 'en', 'station'),
(46, 'id', 'makan'),
(46, 'en', 'eat'),
(47, 'id', 'makan nasi'),
(47, 'en', 'have a meal'),
(48, 'id', 'keluar'),
(48, 'en', 'out'),
(49, 'id', 'keluar (sini)'),
(49, 'en', 'come out'),
(50, 'id', 'pergi keluar'),
(50, 'en', 'go out'),
(51, 'id', 'memakai'),
(51, 'en', 'wear'),
(52, 'id', 'tempat tidur'),
(52, 'en', 'bed'),
(53, 'id', 'kali'),
(53, 'en', 'measure word for times'),
(54, 'id', 'dari'),
(54, 'en', 'from'),
(55, 'id', 'salah'),
(55, 'en', 'wrong'),
(56, 'id', 'memukul/bermain'),
(56, 'en', 'hit'),
(57, 'id', 'naik taksi'),
(57, 'en', 'take a taxi'),
(58, 'id', 'menelepon'),
(58, 'en', 'make a phonecall'),
(59, 'id', 'membuka/menyalakan'),
(59, 'en', 'turn on'),
(60, 'id', 'bermain bola'),
(60, 'en', 'play ball'),
(61, 'id', 'besar'),
(61, 'en', 'large/big'),
(62, 'id', 'universitas'),
(62, 'en', 'university'),
(63, 'id', 'mahasiswa'),
(63, 'en', 'university student'),
(64, 'id', 'sampai'),
(64, 'en', 'reach'),
(65, 'id', 'mendapatkan'),
(65, 'en', 'get'),
(66, 'id', 'partikel keterangan'),
(66, 'en', 'auxiliary word'),
(67, 'id', 'kepunyaan'),
(67, 'en', 'auxiliary particle'),
(68, 'id', 'menunggu'),
(68, 'en', 'wait'),
(69, 'id', 'tanah'),
(69, 'en', 'ground'),
(70, 'id', 'lokasi'),
(70, 'en', 'location'),
(71, 'id', 'tempat'),
(71, 'en', 'place'),
(72, 'id', 'di atas tanah'),
(72, 'en', 'on the ground'),
(73, 'id', 'peta'),
(73, 'en', 'map'),
(74, 'id', 'adik laki-laki'),
(74, 'en', 'younger brother'),
(75, 'id', 'ke- (urutan)'),
(75, 'en', 'ordinal marker'),
(76, 'id', 'jam/titik'),
(76, 'en', 'o''clock/spot'),
(77, 'id', 'listrik'),
(77, 'en', 'electricity'),
(78, 'id', 'telepon'),
(78, 'en', 'phone'),
(79, 'id', 'komputer'),
(79, 'en', 'computer'),
(80, 'id', 'televisi'),
(80, 'en', 'television'),
(81, 'id', 'pesawat televisi'),
(81, 'en', 'television set'),
(82, 'id', 'film'),
(82, 'en', 'film'),
(83, 'id', 'bioskop'),
(83, 'en', 'cinema'),
(84, 'id', 'timur'),
(84, 'en', 'east'),
(85, 'id', 'sisi timur'),
(85, 'en', 'east side'),
(86, 'id', 'benda/barang'),
(86, 'en', 'thing/stuff'),
(87, 'id', 'bergerak'),
(87, 'en', 'move'),
(88, 'id', 'aksi/gerakan'),
(88, 'en', 'action/movement'),
(89, 'id', 'semua'),
(89, 'en', 'all/both'),
(90, 'id', 'membaca'),
(90, 'en', 'read'),
(91, 'id', 'membaca/belajar'),
(91, 'en', 'reading/study'),
(92, 'id', 'benar'),
(92, 'en', 'right/correct'),
(93, 'id', 'maaf'),
(93, 'en', 'I am sorry'),
(94, 'id', 'banyak'),
(94, 'en', 'many/much'),
(95, 'id', 'berapa banyak'),
(95, 'en', 'how many/how much'),
(96, 'id', 'lapar'),
(96, 'en', 'hungry'),
(97, 'id', 'anak laki-laki'),
(97, 'en', 'son'),
(98, 'id', 'dua'),
(98, 'en', 'two'),
(99, 'id', 'nasi/makanan'),
(99, 'en', 'meal/rice'),
(100, 'id', 'restoran/hotel'),
(100, 'en', 'restaurant'),
(101, 'id', 'kamar'),
(101, 'en', 'room'),
(102, 'id', 'rumah'),
(102, 'en', 'house'),
(103, 'id', 'meletakkan/melepas'),
(103, 'en', 'put/release'),
(104, 'id', 'liburan'),
(104, 'en', 'have a holiday'),
(105, 'id', 'pulang sekolah'),
(105, 'en', 'off school'),
(106, 'id', 'terbang'),
(106, 'en', 'fly'),
(107, 'id', 'pesawat terbang'),
(107, 'en', 'airplane'),
(108, 'id', 'sangat'),
(108, 'en', 'very'),
(109, 'id', 'menit/poin'),
(109, 'en', 'minute'),
(110, 'id', 'angin'),
(110, 'en', 'wind'),
(111, 'id', 'kering'),
(111, 'en', 'dry'),
(112, 'id', 'bersih'),
(112, 'en', 'clean'),
(113, 'id', 'mengerjakan'),
(113, 'en', 'do'),
(114, 'id', 'sedang apa'),
(114, 'en', 'do what'),
(115, 'id', 'tinggi'),
(115, 'en', 'high/tall'),
(116, 'id', 'senang'),
(116, 'en', 'happy'),
(117, 'id', 'memberitahu'),
(117, 'en', 'tell'),
(118, 'id', 'kakak laki-laki'),
(118, 'en', 'elder brother'),
(119, 'id', 'lagu'),
(119, 'en', 'song'),
(120, 'id', 'buah (satuan umum)'),
(120, 'en', 'measure word (general)'),
(121, 'id', 'memberi'),
(121, 'en', 'give'),
(122, 'id', 'dengan/mengikuti'),
(122, 'en', 'with'),
(123, 'id', 'pekerja'),
(123, 'en', 'worker'),
(124, 'id', 'kerja/pekerjaan'),
(124, 'en', 'work'),
(125, 'id', 'menutup/mematikan'),
(125, 'en', 'shut/close/turn off'),
(126, 'id', 'menutup'),
(126, 'en', 'close/shut'),
(127, 'id', 'mahal/mulia'),
(127, 'en', 'noble/expensive'),
(128, 'id', 'negara'),
(128, 'en', 'country'),
(129, 'id', 'negara'),
(129, 'en', 'country'),
(130, 'id', 'luar negeri'),
(130, 'en', 'abroad'),
(131, 'id', 'lewat/pernah'),
(131, 'en', 'pass/over'),
(132, 'id', 'masih/juga'),
(132, 'en', 'also/still'),
(133, 'id', 'masih/atau'),
(133, 'en', 'still/or'),
(134, 'id', 'dan juga/masih ada'),
(134, 'en', 'also/besides'),
(135, 'id', 'anak-anak'),
(135, 'en', 'children'),
(136, 'id', 'Bahasa Mandarin'),
(136, 'en', 'Chinese language'),
(137, 'id', 'karakter Mandarin'),
(137, 'en', 'Chinese character'),
(138, 'id', 'bagus/baik'),
(138, 'en', 'good'),
(139, 'id', 'enak dimakan'),
(139, 'en', 'tasty/delicious'),
(140, 'id', 'bagus dilihat'),
(140, 'en', 'good looking/beautiful'),
(141, 'id', 'enak didengar'),
(141, 'en', 'pleasant to hear'),
(142, 'id', 'menyenangkan/seru'),
(142, 'en', 'fun/interesting'),
(143, 'id', 'nomor/tanggal'),
(143, 'en', 'number/date'),
(144, 'id', 'minum'),
(144, 'en', 'drink'),
(145, 'id', 'dan/dengan'),
(145, 'en', 'and'),
(146, 'id', 'sangat'),
(146, 'en', 'very'),
(147, 'id', 'setelah/belakang'),
(147, 'en', 'back/after'),
(148, 'id', 'di belakang'),
(148, 'en', 'behind'),
(149, 'id', 'lusa'),
(149, 'en', 'day after tomorrow'),
(150, 'id', 'bunga'),
(150, 'en', 'flower'),
(151, 'id', 'kata'),
(151, 'en', 'word'),
(152, 'id', 'buruk/rusak'),
(152, 'en', 'bad'),
(153, 'id', 'mengembalikan'),
(153, 'en', 'return'),
(154, 'id', 'kembali'),
(154, 'en', 'return'),
(155, 'id', 'menjawab'),
(155, 'en', 'answer'),
(156, 'id', 'kembali ke'),
(156, 'en', 'back to'),
(157, 'id', 'pulang ke rumah'),
(157, 'en', 'go home'),
(158, 'id', 'datang kembali'),
(158, 'en', 'come back'),
(159, 'id', 'pergi kembali'),
(159, 'en', 'go back'),
(160, 'id', 'bisa'),
(160, 'en', 'can/be able to'),
(161, 'id', 'kereta api'),
(161, 'en', 'train'),
(162, 'id', 'bandara'),
(162, 'en', 'airport'),
(163, 'id', 'tiket pesawat'),
(163, 'en', 'air ticket'),
(164, 'id', 'telur'),
(164, 'en', 'egg'),
(165, 'id', 'beberapa/berapa'),
(165, 'en', 'several/how many'),
(166, 'id', 'mengingat/mencatat'),
(166, 'en', 'remember/note'),
(167, 'id', 'ingat'),
(167, 'en', 'remember'),
(168, 'id', 'menghafal/mengingat'),
(168, 'en', 'keep in mind'),
(169, 'id', 'rumah'),
(169, 'en', 'home'),
(170, 'id', 'di dalam rumah'),
(170, 'en', 'at home'),
(171, 'id', 'anggota keluarga'),
(171, 'en', 'family members'),
(172, 'id', 'buah (satuan ruangan)'),
(172, 'en', 'measure word for rooms'),
(173, 'id', 'bertemu/melihat'),
(173, 'en', 'see/meet'),
(174, 'id', 'bertemu'),
(174, 'en', 'meet'),
(175, 'id', 'mengajar'),
(175, 'en', 'teach'),
(176, 'id', 'memanggil/bernama'),
(176, 'en', 'call/be called'),
(177, 'id', 'gedung perkuliahan'),
(177, 'en', 'teaching building'),
(178, 'id', 'kakak perempuan'),
(178, 'en', 'elder sister'),
(179, 'id', 'memperkenalkan'),
(179, 'en', 'introduce'),
(180, 'id', 'tahun ini'),
(180, 'en', 'this year'),
(181, 'id', 'hari ini'),
(181, 'en', 'today'),
(182, 'id', 'masuk'),
(182, 'en', 'enter'),
(183, 'id', 'masuk (sini)'),
(183, 'en', 'come in'),
(184, 'id', 'masuk (sana)'),
(184, 'en', 'go in'),
(185, 'id', 'sembilan'),
(185, 'en', 'nine'),
(186, 'id', 'segera/langsung'),
(186, 'en', 'right away/then'),
(187, 'id', 'merasa/berpendapat'),
(187, 'en', 'feel/think'),
(188, 'id', 'membuka/menyalakan'),
(188, 'en', 'open/turn on'),
(189, 'id', 'menyetir mobil'),
(189, 'en', 'drive a car'),
(190, 'id', 'rapat'),
(190, 'en', 'have a meeting'),
(191, 'id', 'bercanda'),
(191, 'en', 'joke/make fun of'),
(192, 'id', 'melihat/menonton'),
(192, 'en', 'see/look/read'),
(193, 'id', 'berobat/periksa ke dokter'),
(193, 'en', 'see a doctor'),
(194, 'id', 'melihat/terlihat'),
(194, 'en', 'see/catch sight of'),
(195, 'id', 'melihat'),
(195, 'en', 'see/catch sight of'),
(196, 'id', 'menguji/ujian'),
(196, 'en', 'test/examine'),
(197, 'id', 'ujian'),
(197, 'en', 'examination/exam'),
(198, 'id', 'haus'),
(198, 'en', 'thirsty'),
(199, 'id', 'pelajaran/kelas'),
(199, 'en', 'course/class'),
(200, 'id', 'buku cetak/buku pelajaran'),
(200, 'en', 'textbook'),
(201, 'id', 'teks pelajaran'),
(201, 'en', 'text'),
(202, 'id', 'mulut / satuan orang'),
(202, 'en', 'mouth / MW'),
(203, 'id', 'potong / satuan uang'),
(203, 'en', 'block / yuan'),
(204, 'id', 'cepat'),
(204, 'en', 'fast'),
(205, 'id', 'datang'),
(205, 'en', 'come'),
(206, 'id', 'tiba di'),
(206, 'en', 'arrive/come'),
(207, 'id', 'tua'),
(207, 'en', 'old'),
(208, 'id', 'orang tua / lansia'),
(208, 'en', 'old people'),
(209, 'id', 'guru'),
(209, 'en', 'teacher'),
(210, 'id', 'sudah (partikel)'),
(210, 'en', 'past particle'),
(211, 'id', 'lelah'),
(211, 'en', 'tired'),
(212, 'id', 'dingin'),
(212, 'en', 'cold'),
(213, 'id', 'di dalam'),
(213, 'en', 'inside'),
(214, 'id', 'sisi dalam'),
(214, 'en', 'inside side'),
(215, 'id', 'dua (jumlah)'),
(215, 'en', 'two (amount)'),
(216, 'id', 'nol'),
(216, 'en', 'zero'),
(217, 'id', 'enam'),
(217, 'en', 'six'),
(218, 'id', 'lantai / gedung'),
(218, 'en', 'building/floor'),
(219, 'id', 'lantai atas'),
(219, 'en', 'upstairs'),
(220, 'id', 'lantai bawah'),
(220, 'en', 'downstairs'),
(221, 'id', 'jalan'),
(221, 'en', 'road'),
(222, 'id', 'persimpangan jalan'),
(222, 'en', 'intersection'),
(223, 'id', 'di perjalanan / jalan'),
(223, 'en', 'on the road'),
(224, 'id', 'ibu'),
(224, 'en', 'mom'),
(225, 'id', 'jalan raya'),
(225, 'en', 'road/street'),
(226, 'id', 'segera'),
(226, 'en', 'immediately'),
(227, 'id', 'apakah (partikel)'),
(227, 'en', 'question particle'),
(228, 'id', 'membeli'),
(228, 'en', 'buy'),
(229, 'id', 'lambat'),
(229, 'en', 'slow'),
(230, 'id', 'sibuk'),
(230, 'en', 'busy'),
(231, 'id', 'satuan uang (sen)'),
(231, 'en', 'fractional currency'),
(232, 'id', 'tidak (ada)'),
(232, 'en', 'no/not'),
(233, 'id', 'tidak apa-apa'),
(233, 'en', 'no problem'),
(234, 'id', 'tidak ada apa-apa'),
(234, 'en', 'it''s nothing'),
(235, 'id', 'tidak ada urusan / tidak apa-apa'),
(235, 'en', 'it''s okay'),
(236, 'id', 'tidak punya / tidak ada'),
(236, 'en', 'have not/no'),
(237, 'id', 'adik perempuan'),
(237, 'en', 'younger sister'),
(238, 'id', 'pintu'),
(238, 'en', 'door'),
(239, 'id', 'pintu masuk / depan pintu'),
(239, 'en', 'doorway'),
(240, 'id', 'tiket masuk'),
(240, 'en', 'entrance ticket'),
(241, 'id', 'para (penjamak orang)'),
(241, 'en', 'plural marker'),
(242, 'id', 'nasi putih'),
(242, 'en', 'steamed rice'),
(243, 'id', 'roti'),
(243, 'en', 'bread'),
(244, 'id', 'mie'),
(244, 'en', 'noodles'),
(245, 'id', 'nama'),
(245, 'en', 'name'),
(246, 'id', 'mengerti'),
(246, 'en', 'understand'),
(247, 'id', 'tahun depan'),
(247, 'en', 'next year'),
(248, 'id', 'besok'),
(248, 'en', 'tomorrow'),
(249, 'id', 'mengambil'),
(249, 'en', 'take'),
(250, 'id', 'yang mana'),
(250, 'en', 'which'),
(251, 'id', 'di mana'),
(251, 'en', 'where'),
(252, 'id', 'di mana'),
(252, 'en', 'where'),
(253, 'id', 'yang mana saja'),
(253, 'en', 'which ones'),
(254, 'id', 'itu'),
(254, 'en', 'that'),
(255, 'id', 'di sana'),
(255, 'en', 'there/that side'),
(256, 'id', 'di sana'),
(256, 'en', 'there'),
(257, 'id', 'di sana'),
(257, 'en', 'there'),
(258, 'id', 'itu semua'),
(258, 'en', 'those'),
(259, 'id', 'susu'),
(259, 'en', 'milk'),
(260, 'id', 'nenek'),
(260, 'en', 'grandma'),
(261, 'id', 'laki-laki'),
(261, 'en', 'male'),
(262, 'id', 'anak laki-laki'),
(262, 'en', 'boy'),
(263, 'id', 'pacar laki-laki'),
(263, 'en', 'boyfriend'),
(264, 'id', 'pria'),
(264, 'en', 'man'),
(265, 'id', 'siswa laki-laki'),
(265, 'en', 'boy student'),
(266, 'id', 'selatan'),
(266, 'en', 'south'),
(267, 'id', 'sisi selatan'),
(267, 'en', 'south side'),
(268, 'id', 'sulit'),
(268, 'en', 'difficult/hard'),
(269, 'id', 'bagaimana dengan (partikel)'),
(269, 'en', 'particle'),
(270, 'id', 'dapat / sanggup'),
(270, 'en', 'can/be able to'),
(271, 'id', 'kamu'),
(271, 'en', 'you'),
(272, 'id', 'kalian'),
(272, 'en', 'you (plural)'),
(273, 'id', 'tahun'),
(273, 'en', 'year'),
(274, 'id', 'Anda (sopan)'),
(274, 'en', 'you (polite)'),
(275, 'id', 'susu sapi'),
(275, 'en', 'cow milk'),
(276, 'id', 'perempuan'),
(276, 'en', 'female'),
(277, 'id', 'anak perempuan'),
(277, 'en', 'daughter'),
(278, 'id', 'anak perempuan'),
(278, 'en', 'girl'),
(279, 'id', 'pacar perempuan'),
(279, 'en', 'girlfriend'),
(280, 'id', 'wanita'),
(280, 'en', 'woman'),
(281, 'id', 'siswa perempuan'),
(281, 'en', 'girl student'),
(282, 'id', 'samping'),
(282, 'en', 'side'),
(283, 'id', 'lari'),
(283, 'en', 'run'),
(284, 'id', 'teman'),
(284, 'en', 'friend'),
(285, 'id', 'tiket'),
(285, 'en', 'ticket'),
(286, 'id', 'tujuh'),
(286, 'en', 'seven'),
(287, 'id', 'bangun / mulai'),
(287, 'en', 'rise/start'),
(288, 'id', 'bangun tidur'),
(288, 'en', 'get up'),
(289, 'id', 'berdiri / bangun'),
(289, 'en', 'get up'),
(290, 'id', 'mobil'),
(290, 'en', 'car'),
(291, 'id', 'depan'),
(291, 'en', 'front/before'),
(292, 'id', 'di depan'),
(292, 'en', 'in front'),
(293, 'id', 'kemarin lusa'),
(293, 'en', 'day before yesterday'),
(294, 'id', 'uang'),
(294, 'en', 'money'),
(295, 'id', 'dompet'),
(295, 'en', 'wallet'),
(296, 'id', 'silakan / tolong'),
(296, 'en', 'please'),
(297, 'id', 'minta izin (libur)'),
(297, 'en', 'ask for leave'),
(298, 'id', 'silakan masuk'),
(298, 'en', 'please come in'),
(299, 'id', 'permisi (tanya)'),
(299, 'en', 'excuse me'),
(300, 'id', 'silakan duduk'),
(300, 'en', 'please sit down'),
(301, 'id', 'bola'),
(301, 'en', 'ball'),
(302, 'id', 'pergi'),
(302, 'en', 'go'),
(303, 'id', 'tahun lalu'),
(303, 'en', 'last year'),
(304, 'id', 'panas'),
(304, 'en', 'hot'),
(305, 'id', 'orang'),
(305, 'en', 'people'),
(306, 'id', 'kenal'),
(306, 'en', 'know'),
(307, 'id', 'serius/sungguh-sungguh'),
(307, 'en', 'earnest/serious'),
(308, 'id', 'tanggal/hari'),
(308, 'en', 'date/day'),
(309, 'id', 'tanggal'),
(309, 'en', 'date'),
(310, 'id', 'daging'),
(310, 'en', 'meat'),
(311, 'id', 'tiga'),
(311, 'en', 'three'),
(312, 'id', 'gunung'),
(312, 'en', 'mountain'),
(313, 'id', 'mal/pusat perbelanjaan'),
(313, 'en', 'mall'),
(314, 'id', 'toko'),
(314, 'en', 'shop/store'),
(315, 'id', 'atas'),
(315, 'en', 'above/on/up'),
(316, 'id', 'masuk kerja'),
(316, 'en', 'go to work'),
(317, 'id', 'sisi atas'),
(317, 'en', 'above/upside'),
(318, 'id', 'naik kendaraan'),
(318, 'en', 'get on (car/bus)'),
(319, 'id', 'waktu lalu'),
(319, 'en', 'last time'),
(320, 'id', 'masuk kelas'),
(320, 'en', 'attend class'),
(321, 'id', 'mengakses internet'),
(321, 'en', 'surf the internet'),
(322, 'id', 'pagi hari'),
(322, 'en', 'morning'),
(323, 'id', 'pergi ke sekolah'),
(323, 'en', 'go to school'),
(324, 'id', 'sedikit'),
(324, 'en', 'few/less'),
(325, 'id', 'siapa'),
(325, 'en', 'who'),
(326, 'id', 'di tubuh'),
(326, 'en', 'on the body'),
(327, 'id', 'tubuh/kesehatan'),
(327, 'en', 'body/health'),
(328, 'id', 'apa'),
(328, 'en', 'what'),
(329, 'id', 'jatuh sakit'),
(329, 'en', 'fall ill'),
(330, 'id', 'marah'),
(330, 'en', 'get angry'),
(331, 'id', 'ulang tahun'),
(331, 'en', 'birthday'),
(332, 'id', 'sepuluh'),
(332, 'en', 'ten'),
(333, 'id', 'waktu/saat'),
(333, 'en', 'time/moment'),
(334, 'id', 'waktu'),
(334, 'en', 'time'),
(335, 'id', 'hal/urusan/perkara'),
(335, 'en', 'thing/matter'),
(336, 'id', 'mencoba'),
(336, 'en', 'try'),
(337, 'id', 'adalah/ya'),
(337, 'en', 'is/are/yes'),
(338, 'id', 'iya tidak/bukankah'),
(338, 'en', 'is it or not'),
(339, 'id', 'tangan'),
(339, 'en', 'hand'),
(340, 'id', 'ponsel'),
(340, 'en', 'mobile phone'),
(341, 'id', 'buku'),
(341, 'en', 'book'),
(342, 'id', 'tas sekolah'),
(342, 'en', 'school bag'),
(343, 'id', 'toko buku'),
(343, 'en', 'bookstore'),
(344, 'id', 'pohon'),
(344, 'en', 'tree'),
(345, 'id', 'air'),
(345, 'en', 'water'),
(346, 'id', 'buah-buahan'),
(346, 'en', 'fruits'),
(347, 'id', 'tidur'),
(347, 'en', 'sleep'),
(348, 'id', 'tidur'),
(348, 'en', 'sleep'),
(349, 'id', 'berbicara'),
(349, 'en', 'speak'),
(350, 'id', 'berbicara'),
(350, 'en', 'talk'),
(351, 'id', 'empat'),
(351, 'en', 'four'),
(352, 'id', 'mengantar/memberi'),
(352, 'en', 'give/send'),
(353, 'id', 'tahun (usia)'),
(353, 'en', 'year/age'),
(354, 'id', 'dia (laki-laki)'),
(354, 'en', 'he/him'),
(355, 'id', 'mereka (laki-laki)'),
(355, 'en', 'they/them'),
(356, 'id', 'dia (perempuan)'),
(356, 'en', 'she/her'),
(357, 'id', 'mereka (perempuan)'),
(357, 'en', 'they/them (female)'),
(358, 'id', 'terlalu'),
(358, 'en', 'too'),
(359, 'id', 'langit/hari'),
(359, 'en', 'sky/day'),
(360, 'id', 'cuaca'),
(360, 'en', 'weather'),
(361, 'id', 'dengar'),
(361, 'en', 'hear/listen'),
(362, 'id', 'terdengar'),
(362, 'en', 'hear'),
(363, 'id', 'mendengar'),
(363, 'en', 'hear'),
(364, 'id', 'dikte'),
(364, 'en', 'dictation'),
(365, 'id', 'teman sekelas'),
(365, 'en', 'classmate'),
(366, 'id', 'perpustakaan'),
(366, 'en', 'library'),
(367, 'id', 'luar'),
(367, 'en', 'outside'),
(368, 'id', 'sisi luar'),
(368, 'en', 'outside side'),
(369, 'id', 'luar negeri'),
(369, 'en', 'foreign country'),
(370, 'id', 'bahasa asing'),
(370, 'en', 'foreign language'),
(371, 'id', 'bermain'),
(371, 'en', 'play'),
(372, 'id', 'malam/lambat'),
(372, 'en', 'late/evening'),
(373, 'id', 'makan malam'),
(373, 'en', 'dinner'),
(374, 'id', 'malam hari'),
(374, 'en', 'night/evening'),
(375, 'id', 'daring/online'),
(375, 'en', 'online'),
(376, 'id', 'teman internet'),
(376, 'en', 'net friend'),
(377, 'id', 'lupa'),
(377, 'en', 'forget'),
(378, 'id', 'melupakan'),
(378, 'en', 'forget'),
(379, 'id', 'bertanya'),
(379, 'en', 'ask'),
(380, 'id', 'saya'),
(380, 'en', 'I/me'),
(381, 'id', 'kami/kita'),
(381, 'en', 'we/us'),
(382, 'id', 'lima'),
(382, 'en', 'five'),
(383, 'id', 'makan siang'),
(383, 'en', 'lunch'),
(384, 'id', 'barat'),
(384, 'en', 'west'),
(385, 'id', 'sisi barat'),
(385, 'en', 'west side'),
(386, 'id', 'mencuci'),
(386, 'en', 'wash'),
(387, 'id', 'toilet/kamar mandi'),
(387, 'en', 'restroom'),
(388, 'id', 'suka'),
(388, 'en', 'like'),
(389, 'id', 'bawah/turun'),
(389, 'en', 'below/down'),
(390, 'id', 'pulang kerja'),
(390, 'en', 'get off work'),
(391, 'id', 'sisi bawah'),
(391, 'en', 'below/underside'),
(392, 'id', 'turun kendaraan'),
(392, 'en', 'get off (car/bus)'),
(393, 'id', 'lain kali'),
(393, 'en', 'next time'),
(394, 'id', 'selesai kelas'),
(394, 'en', 'finish class'),
(395, 'id', 'sore hari'),
(395, 'en', 'afternoon'),
(396, 'id', 'hujan'),
(396, 'en', 'rain'),
(397, 'id', 'dahulu/duluan'),
(397, 'en', 'first/before'),
(398, 'id', 'tuan/suami'),
(398, 'en', 'Mr./Sir'),
(399, 'id', 'sekarang'),
(399, 'en', 'now'),
(400, 'id', 'ingin/pikir'),
(400, 'en', 'want/think'),
(401, 'id', 'kecil'),
(401, 'en', 'small'),
(402, 'id', 'anak kecil'),
(402, 'en', 'child'),
(403, 'id', 'nona'),
(403, 'en', 'Miss'),
(404, 'id', 'anak-anak / adik'),
(404, 'en', 'child / little friend'),
(405, 'id', 'jam (durasi)'),
(405, 'en', 'hour'),
(406, 'id', 'sekolah dasar'),
(406, 'en', 'primary school'),
(407, 'id', 'murid SD'),
(407, 'en', 'primary school student'),
(408, 'id', 'tertawa / tersenyum'),
(408, 'en', 'laugh/smile'),
(409, 'id', 'menulis'),
(409, 'en', 'write'),
(410, 'id', 'terima kasih'),
(410, 'en', 'thank you'),
(411, 'id', 'baru'),
(411, 'en', 'new'),
(412, 'id', 'tahun baru'),
(412, 'en', 'New Year'),
(413, 'id', 'minggu'),
(413, 'en', 'week'),
(414, 'id', 'hari Minggu'),
(414, 'en', 'Sunday'),
(415, 'id', 'hari Minggu'),
(415, 'en', 'Sunday'),
(416, 'id', 'oke / boleh'),
(416, 'en', 'OK'),
(417, 'id', 'istirahat'),
(417, 'en', 'rest'),
(418, 'id', 'belajar'),
(418, 'en', 'learn'),
(419, 'id', 'siswa'),
(419, 'en', 'student'),
(420, 'id', 'belajar'),
(420, 'en', 'study'),
(421, 'id', 'sekolah'),
(421, 'en', 'school'),
(422, 'id', 'institut / akademi'),
(422, 'en', 'college/academy'),
(423, 'id', 'ingin / mau / harus'),
(423, 'en', 'want/must'),
(424, 'id', 'kakek'),
(424, 'en', 'grandpa'),
(425, 'id', 'juga'),
(425, 'en', 'also'),
(426, 'id', 'halaman'),
(426, 'en', 'page'),
(427, 'id', 'satu'),
(427, 'en', 'one'),
(428, 'id', 'baju / pakaian'),
(428, 'en', 'clothes'),
(429, 'id', 'dokter'),
(429, 'en', 'doctor'),
(430, 'id', 'rumah sakit'),
(430, 'en', 'hospital'),
(431, 'id', 'setengah'),
(431, 'en', 'half'),
(432, 'id', 'sebentar'),
(432, 'en', 'a little while'),
(433, 'id', 'bersama-sama'),
(433, 'en', 'together'),
(434, 'id', 'sebentar / sedikit'),
(434, 'en', 'a little bit/briefly'),
(435, 'id', 'sama'),
(435, 'en', 'same'),
(436, 'id', 'satu sisi / sambil'),
(436, 'en', 'one side/simultaneously'),
(437, 'id', 'sedikit'),
(437, 'en', 'a little bit'),
(438, 'id', 'bersama'),
(438, 'en', 'together'),
(439, 'id', 'beberapa'),
(439, 'en', 'some'),
(440, 'id', 'menggunakan'),
(440, 'en', 'use'),
(441, 'id', 'ada / punya'),
(441, 'en', 'have/exist'),
(442, 'id', 'ada yang / beberapa'),
(442, 'en', 'some'),
(443, 'id', 'terkenal'),
(443, 'en', 'famous'),
(444, 'id', 'kadang-kadang'),
(444, 'en', 'sometimes'),
(445, 'id', 'ada beberapa'),
(445, 'en', 'there are some'),
(446, 'id', 'berguna'),
(446, 'en', 'useful'),
(447, 'id', 'kanan'),
(447, 'en', 'right'),
(448, 'id', 'sisi kanan'),
(448, 'en', 'right side'),
(449, 'id', 'hujan'),
(449, 'en', 'rain'),
(450, 'id', 'yuan (mata uang)'),
(450, 'en', 'yuan'),
(451, 'id', 'jauh'),
(451, 'en', 'far'),
(452, 'id', 'bulan'),
(452, 'en', 'month/moon'),
(453, 'id', 'lagi (pengulangan)'),
(453, 'en', 'again'),
(454, 'id', 'sampai jumpa'),
(454, 'en', 'goodbye'),
(455, 'id', 'di / sedang'),
(455, 'en', 'at/in/doing'),
(456, 'id', 'di rumah'),
(456, 'en', 'at home'),
(457, 'id', 'pagi / awal'),
(457, 'en', 'early/morning'),
(458, 'id', 'makan pagi / sarapan'),
(458, 'en', 'breakfast'),
(459, 'id', 'pagi hari'),
(459, 'en', 'morning'),
(460, 'id', 'bagaimana'),
(460, 'en', 'how'),
(461, 'id', 'stasiun / halte / berdiri'),
(461, 'en', 'station/stand'),
(462, 'id', 'mencari'),
(462, 'en', 'look for'),
(463, 'id', 'menemukan'),
(463, 'en', 'find'),
(464, 'id', 'ini'),
(464, 'en', 'this'),
(465, 'id', 'sebelah sini'),
(465, 'en', 'here/this side'),
(466, 'id', 'di sini'),
(466, 'en', 'here'),
(467, 'id', 'di sini'),
(467, 'en', 'here'),
(468, 'id', 'ini semua / beberapa ini'),
(468, 'en', 'these'),
(469, 'id', 'sedang (partikel)'),
(469, 'en', 'aspect particle'),
(470, 'id', 'sungguh / benar-benar'),
(470, 'en', 'really'),
(471, 'id', 'benar-benar / sungguhan'),
(471, 'en', 'really'),
(472, 'id', 'tepat / sedang'),
(472, 'en', 'exactly/doing'),
(473, 'id', 'sedang melakukan'),
(473, 'en', 'in process of'),
(474, 'id', 'tahu / mengetahui'),
(474, 'en', 'know'),
(475, 'id', 'pengetahuan'),
(475, 'en', 'knowledge'),
(476, 'id', 'tengah'),
(476, 'en', 'middle/center'),
(477, 'id', 'Tiongkok'),
(477, 'en', 'China'),
(478, 'id', 'di tengah'),
(478, 'en', 'middle'),
(479, 'id', 'Bahasa Mandarin'),
(479, 'en', 'Chinese language'),
(480, 'id', 'siang hari / tengah hari'),
(480, 'en', 'noon'),
(481, 'id', 'sekolah menengah'),
(481, 'en', 'middle school'),
(482, 'id', 'murid SMP/SMA'),
(482, 'en', 'middle school student'),
(483, 'id', 'berat'),
(483, 'en', 'heavy'),
(484, 'id', 'penting'),
(484, 'en', 'important'),
(485, 'id', 'tinggal / menetap'),
(485, 'en', 'live/stay'),
(486, 'id', 'siap / mempersiapkan'),
(486, 'en', 'prepare'),
(487, 'id', 'meja'),
(487, 'en', 'table'),
(488, 'id', 'karakter / huruf'),
(488, 'en', 'character'),
(489, 'id', '(akhiran kata benda)'),
(489, 'en', 'suffix'),
(490, 'id', 'pergi / jalan'),
(490, 'en', 'go/walk'),
(491, 'id', 'berjalan kaki'),
(491, 'en', 'walk'),
(492, 'id', 'paling / ter-'),
(492, 'en', 'most'),
(493, 'id', 'paling baik / sebaiknya'),
(493, 'en', 'best/had better'),
(494, 'id', 'terakhir'),
(494, 'en', 'last'),
(495, 'id', 'kemarin'),
(495, 'en', 'yesterday'),
(496, 'id', 'kiri'),
(496, 'en', 'left'),
(497, 'id', 'sisi kiri'),
(497, 'en', 'left side'),
(498, 'id', 'duduk / naik (kendaraan)'),
(498, 'en', 'sit/ride'),
(499, 'id', 'duduk'),
(499, 'en', 'sit down'),
(500, 'id', 'mengerjakan / membuat'),
(500, 'en', 'do/make');

INSERT INTO example_translations (example_id, language, value) VALUES 
(1, 'id', 'Saya sayang ibu saya.'),
(1, 'en', 'I love my mother.'),
(2, 'id', 'Hobi saya adalah membaca buku.'),
(2, 'en', 'My hobby is reading.'),
(3, 'id', 'Saya punya delapan buah apel.'),
(3, 'en', 'I have eight apples.'),
(4, 'id', 'Ayah saya adalah seorang guru.'),
(4, 'en', 'My dad is a teacher.'),
(5, 'id', 'Ayo kita pergi.'),
(5, 'en', 'Let''s go.'),
(6, 'id', 'Saya suka baju warna putih.'),
(6, 'en', 'I like white clothes.'),
(7, 'id', 'Dia berada di kantor pada siang hari.'),
(7, 'en', 'He is at the company during the day.'),
(8, 'id', 'Ada seratus orang di sini.'),
(8, 'en', 'There are one hundred people here.'),
(9, 'id', 'Saya di kelas 1, tingkat 1.'),
(9, 'en', 'I am in Class 1, Grade 1.'),
(10, 'id', 'Sekarang jam setengah empat.'),
(10, 'en', 'It''s half past three now.'),
(11, 'id', 'Dia belajar Mandarin selama setengah tahun.'),
(11, 'en', 'He studied Chinese for half a year.'),
(12, 'id', 'Saya sudah menunggumu lama sekali.'),
(12, 'en', 'I waited for you for a long time.'),
(13, 'id', 'Tolong bantu saya.'),
(13, 'en', 'Please help me.'),
(14, 'id', 'Terima kasih atas bantuanmu.'),
(14, 'en', 'Thank you for your help.'),
(15, 'id', 'Ada buku di dalam tas.'),
(15, 'en', 'There are books in the bag.'),
(16, 'id', 'Saya suka makan bakpao.'),
(16, 'en', 'I like to eat buns.'),
(17, 'id', 'Saya mau segelas air.'),
(17, 'en', 'I want a glass of water.'),
(18, 'id', 'Gelas ada di atas meja.'),
(18, 'en', 'The cup is on the table.'),
(19, 'id', 'Saya berada di utara Beijing.'),
(19, 'en', 'I am in the north of Beijing.'),
(20, 'id', 'Stasiun mengarah ke sisi utara.'),
(20, 'en', 'The station is towards the north side.'),
(21, 'id', 'Dia sudah pergi ke Beijing.'),
(21, 'en', 'He has gone to Beijing.'),
(22, 'id', 'Saya punya tiga buku.'),
(22, 'en', 'I have three books.'),
(23, 'id', 'Ini adalah buku tulis saya.'),
(23, 'en', 'This is my notebook.'),
(24, 'id', 'Dia lebih tua dibanding saya.'),
(24, 'en', 'He is older than me.'),
(25, 'id', 'Jangan pergi ke sana.'),
(25, 'en', 'Don''t go there.'),
(26, 'id', 'Saya tidak suka ini, saya mau yang lain.'),
(26, 'en', 'I don''t like this, I want something else.'),
(27, 'id', 'Jangan kasih tahu orang lain.'),
(27, 'en', 'Don''t tell others.'),
(28, 'id', 'Dia sudah jatuh sakit.'),
(28, 'en', 'He is sick.'),
(29, 'id', 'Ada banyak pasien di dalam rumah sakit.'),
(29, 'en', 'There are many patients in the hospital.'),
(30, 'id', 'Apel ini tidak besar.'),
(30, 'en', 'This apple is not big.'),
(31, 'id', 'Apa yang kamu katakan itu salah.'),
(31, 'en', 'What you said is wrong.'),
(32, 'id', 'Sama-sama, sampai jumpa.'),
(32, 'en', 'You''re welcome, goodbye.'),
(33, 'id', 'Tidak usah berterima kasih.'),
(33, 'en', 'No need to thank me.'),
(34, 'id', 'Saya tidak pergi ke sekolah.'),
(34, 'en', 'I am not going to school.'),
(35, 'id', 'Hidangan ini sangat enak.'),
(35, 'en', 'These dishes are very delicious.'),
(36, 'id', 'Silakan minum teh.'),
(36, 'en', 'Please drink tea.'),
(37, 'id', 'Sekarang jam sepuluh kurang lima menit.'),
(37, 'en', 'It is now five minutes to ten.'),
(38, 'id', 'Saya sering menonton film.'),
(38, 'en', 'I often watch movies.'),
(39, 'id', 'Dia sering pergi ke perpustakaan.'),
(39, 'en', 'He often goes to the library.'),
(40, 'id', 'Dia suka menyanyi.'),
(40, 'en', 'She likes to sing.'),
(41, 'id', 'Kita sedang bernyanyi.'),
(41, 'en', 'We are singing.'),
(42, 'id', 'Ini mobil saya.'),
(42, 'en', 'This is my car.'),
(43, 'id', 'Saya sudah beli tiket.'),
(43, 'en', 'I bought a ticket.'),
(44, 'id', 'Dia ada di dalam mobil.'),
(44, 'en', 'He is in the car.'),
(45, 'id', 'Stasiun ada tepat di sini.'),
(45, 'en', 'The station is right here.'),
(46, 'id', 'Kamu ingin makan apa?'),
(46, 'en', 'What do you want to eat?'),
(47, 'id', 'Mari kita makan bersama.'),
(47, 'en', 'Let''s have a meal together.'),
(48, 'id', 'Dia sudah keluar.'),
(48, 'en', 'He has gone out.'),
(49, 'id', 'Keluarlah ke sini.'),
(49, 'en', 'Please come out.'),
(50, 'id', 'Saya ingin pergi keluar.'),
(50, 'en', 'I want to go out.'),
(51, 'id', 'Saya memakai baju ini.'),
(51, 'en', 'I wear these clothes.'),
(52, 'id', 'Dia tidur di atas tempat tidur.'),
(52, 'en', 'He is sleeping on the bed.'),
(53, 'id', 'Saya sudah pergi tiga kali.'),
(53, 'en', 'I have gone three times.'),
(54, 'id', 'Dari sini sampai sekolah.'),
(54, 'en', 'From here to school.'),
(55, 'id', 'Ini bukan salah saya.'),
(55, 'en', 'This is not my fault.'),
(56, 'id', 'Dia sedang bermain bola.'),
(56, 'en', 'He is playing ball.'),
(57, 'id', 'Mari kita naik taksi.'),
(57, 'en', 'Let''s take a taxi.'),
(58, 'id', 'Dia sedang menelepon.'),
(58, 'en', 'He is making a phone call.'),
(59, 'id', 'Tolong buka pintunya.'),
(59, 'en', 'Please open the door.'),
(60, 'id', 'Saya tidak suka bermain bola.'),
(60, 'en', 'I don''t like playing ball.'),
(61, 'id', 'Apel ini sangat besar.'),
(61, 'en', 'This apple is very big.'),
(62, 'id', 'Dia belajar di universitas.'),
(62, 'en', 'He is studying at university.'),
(63, 'id', 'Saya adalah seorang mahasiswa.'),
(63, 'en', 'I am a university student.'),
(64, 'id', 'Saya sudah sampai di rumah.'),
(64, 'en', 'I reached home.'),
(65, 'id', 'Saya sudah mendapatkan buku.'),
(65, 'en', 'I got the book.'),
(66, 'id', 'Tertawa dengan senang.'),
(66, 'en', 'Happily laughing.'),
(67, 'id', 'Ini milik saya.'),
(67, 'en', 'This is mine.'),
(68, 'id', 'Tunggu sebentar.'),
(68, 'en', 'Wait a moment.'),
(69, 'id', 'Ada air di atas tanah.'),
(69, 'en', 'There is water on the ground.'),
(70, 'id', 'Dia ada di lokasi ini.'),
(70, 'en', 'He is at this location.'),
(71, 'id', 'Tempat apa ini?'),
(71, 'en', 'What place is this?'),
(72, 'id', 'Duduk di atas tanah.'),
(72, 'en', 'Sitting on the ground.'),
(73, 'id', 'Saya melihat peta.'),
(73, 'en', 'I look at the map.'),
(74, 'id', 'Dia adalah adik laki-laki saya.'),
(74, 'en', 'He is my younger brother.'),
(75, 'id', 'Ini yang pertama.'),
(75, 'en', 'This is the first.'),
(76, 'id', 'Sekarang jam sepuluh.'),
(76, 'en', 'It is ten o''clock now.'),
(77, 'id', 'Di sini tidak ada listrik.'),
(77, 'en', 'There is no electricity here.'),
(78, 'id', 'Angkat telepon.'),
(78, 'en', 'Answer the phone.'),
(79, 'id', 'Saya melihat komputer.'),
(79, 'en', 'I am looking at the computer.'),
(80, 'id', 'Menonton televisi.'),
(80, 'en', 'Watch television.'),
(81, 'id', 'Membeli pesawat televisi.'),
(81, 'en', 'Buy a television set.'),
(82, 'id', 'Menonton film.'),
(82, 'en', 'Watch a film.'),
(83, 'id', 'Pergi ke bioskop.'),
(83, 'en', 'Go to the cinema.'),
(84, 'id', 'Matahari terbit dari timur.'),
(84, 'en', 'The sun rises from the east.'),
(85, 'id', 'Dia ada di sisi timur.'),
(85, 'en', 'He is on the east side.'),
(86, 'id', 'Membeli barang.'),
(86, 'en', 'Buy things.'),
(87, 'id', 'Jangan bergerak.'),
(87, 'en', 'Don''t move.'),
(88, 'id', 'Gerakan cepat.'),
(88, 'en', 'Fast action.'),
(89, 'id', 'Kita semua ada di rumah.'),
(89, 'en', 'We are all at home.'),
(90, 'id', 'Membaca buku.'),
(90, 'en', 'Read books.'),
(91, 'id', 'Dia belajar di sekolah.'),
(91, 'en', 'He is studying at school.'),
(92, 'id', 'Itu benar.'),
(92, 'en', 'It is correct.'),
(93, 'id', 'Maaf, saya terlambat.'),
(93, 'en', 'I''m sorry, I am late.'),
(94, 'id', 'Orangnya sangat banyak.'),
(94, 'en', 'There are many people.'),
(95, 'id', 'Berapa harganya/jumlahnya?'),
(95, 'en', 'How much is it?'),
(96, 'id', 'Saya sangat lapar.'),
(96, 'en', 'I am very hungry.'),
(97, 'id', 'Dia adalah anak laki-laki saya.'),
(97, 'en', 'He is my son.'),
(98, 'id', 'Saya punya dua buah.'),
(98, 'en', 'I have two items.'),
(99, 'id', 'Makan sarapan.'),
(99, 'en', 'Eat breakfast.'),
(100, 'id', 'Pergi makan di restoran.'),
(100, 'en', 'Go to the restaurant to eat.'),
(101, 'id', 'Kamar ini sangat bersih.'),
(101, 'en', 'This room is very clean.'),
(102, 'id', 'Saya sudah membeli sebuah rumah.'),
(102, 'en', 'I bought a house.'),
(103, 'id', 'Letakkan buku di sini.'),
(103, 'en', 'Put the book here.'),
(104, 'id', 'Besok libur.'),
(104, 'en', 'There is a holiday tomorrow.'),
(105, 'id', 'Kita pulang sekolah jam tiga.'),
(105, 'en', 'We finish school at three.'),
(106, 'id', 'Burung sedang terbang.'),
(106, 'en', 'Birds are flying.'),
(107, 'id', 'Saya naik pesawat ke Beijing.'),
(107, 'en', 'I go to Beijing by airplane.'),
(108, 'id', 'Dia sangat senang.'),
(108, 'en', 'He is very happy.'),
(109, 'id', 'Sekarang jam tiga lewat sepuluh menit.'),
(109, 'en', 'It is 3:10 now.'),
(110, 'id', 'Anginnya sangat kencang.'),
(110, 'en', 'The wind is very strong.'),
(111, 'id', 'Baju ini sudah kering.'),
(111, 'en', 'These clothes are dry.'),
(112, 'id', 'Tangan sangat bersih.'),
(112, 'en', 'Hands are very clean.'),
(113, 'id', 'Apa yang sedang kamu kerjakan?'),
(113, 'en', 'What are you doing?'),
(114, 'id', 'Kamu ke sekolah mau apa?'),
(114, 'en', 'What are you going to school for?'),
(115, 'id', 'Dia sangat tinggi.'),
(115, 'en', 'He is very tall.'),
(116, 'id', 'Senang bertemu denganmu.'),
(116, 'en', 'Happy to meet you.'),
(117, 'id', 'Tolong beritahu saya.'),
(117, 'en', 'Please tell me.'),
(118, 'id', 'Dia adalah kakak laki-laki saya.'),
(118, 'en', 'He is my elder brother.'),
(119, 'id', 'Lagu ini enak didengar.'),
(119, 'en', 'This song is pleasant to hear.'),
(120, 'id', 'Tiga buah apel.'),
(120, 'en', 'Three apples.'),
(121, 'id', 'Memberimu buku.'),
(121, 'en', 'Give you a book.'),
(122, 'id', 'Ikut dengan saya.'),
(122, 'en', 'Come with me.'),
(123, 'id', 'Dia adalah seorang pekerja.'),
(123, 'en', 'He is a worker.'),
(124, 'id', 'Saya suka pekerjaan saya.'),
(124, 'en', 'I like my work.'),
(125, 'id', 'Tolong tutup pintu.'),
(125, 'en', 'Please close the door.'),
(126, 'id', 'Matikan televisi.'),
(126, 'en', 'Turn off the television.'),
(127, 'id', 'Ini terlalu mahal.'),
(127, 'en', 'This is too expensive.'),
(128, 'id', 'Negara Tiongkok sangat besar.'),
(128, 'en', 'China is very big.'),
(129, 'id', 'Kita harus mencintai negara.'),
(129, 'en', 'We should love our country.'),
(130, 'id', 'Dia sudah pergi ke luar negeri.'),
(130, 'en', 'He has gone abroad.'),
(131, 'id', 'Saya belum pernah pergi.'),
(131, 'en', 'I have not been there.'),
(132, 'id', 'Dia masih belum datang.'),
(132, 'en', 'He still hasn''t come.'),
(133, 'id', 'Masih lebih baik yang ini.'),
(133, 'en', 'This one is still better.'),
(134, 'id', 'Masih ada siapa lagi?'),
(134, 'en', 'Who else is there?'),
(135, 'id', 'Dia sedang menjaga anak-anak.'),
(135, 'en', 'He is watching the children.'),
(136, 'id', 'Saya bisa bicara bahasa Mandarin.'),
(136, 'en', 'I can speak Chinese.'),
(137, 'id', 'Karakter Mandarin sulit dipelajari.'),
(137, 'en', 'Chinese characters are hard to learn.'),
(138, 'id', 'Cuacanya sangat bagus.'),
(138, 'en', 'The weather is very good.'),
(139, 'id', 'Bakpao sangat enak.'),
(139, 'en', 'The buns are very delicious.'),
(140, 'id', 'Bajunya bagus.'),
(140, 'en', 'The clothes are beautiful.'),
(141, 'id', 'Lagu ini enak didengar.'),
(141, 'en', 'This song is pleasant to hear.'),
(142, 'id', 'Di sana sangat seru.'),
(142, 'en', 'It is very fun there.'),
(143, 'id', 'Hari ini tanggal sepuluh.'),
(143, 'en', 'Today is the 10th.'),
(144, 'id', 'Saya ingin minum teh.'),
(144, 'en', 'I want to drink tea.'),
(145, 'id', 'Saya dan kamu.'),
(145, 'en', 'Me and you.'),
(146, 'id', 'Saya sangat sibuk.'),
(146, 'en', 'I am very busy.'),
(147, 'id', 'Setelah tiga hari.'),
(147, 'en', 'Three days later.'),
(148, 'id', 'Dia ada di belakang.'),
(148, 'en', 'He is behind.'),
(149, 'id', 'Sampai jumpa lusa.'),
(149, 'en', 'See you the day after tomorrow.'),
(150, 'id', 'Bunga ini sangat cantik.'),
(150, 'en', 'This flower is very beautiful.'),
(151, 'id', 'Dia bicara banyak kata.'),
(151, 'en', 'He said a lot of words.'),
(152, 'id', 'Apel ini sudah buruk/busuk.'),
(152, 'en', 'This apple is bad.'),
(153, 'id', 'Saya mengembalikan buku kepadamu.'),
(153, 'en', 'I return the book to you.'),
(154, 'id', 'Dia sedang dalam perjalanan pulang.'),
(154, 'en', 'He is on the way home.'),
(155, 'id', 'Tolong jawab pertanyaan saya.'),
(155, 'en', 'Please answer my question.'),
(156, 'id', 'Saya sudah kembali ke Beijing.'),
(156, 'en', 'I am back to Beijing.'),
(157, 'id', 'Saya ingin pulang.'),
(157, 'en', 'I want to go home.'),
(158, 'id', 'Kapan dia akan kembali ke sini?'),
(158, 'en', 'When will he come back?'),
(159, 'id', 'Cepatlah kamu kembali ke sana.'),
(159, 'en', 'Go back quickly.'),
(160, 'id', 'Saya bisa bicara bahasa Mandarin.'),
(160, 'en', 'I can speak Chinese.'),
(161, 'id', 'Saya pergi naik kereta api.'),
(161, 'en', 'I go by train.'),
(162, 'id', 'Saya menunggumu di bandara.'),
(162, 'en', 'I wait for you at the airport.'),
(163, 'id', 'Tiket pesawat sangat mahal.'),
(163, 'en', 'The air ticket is very expensive.'),
(164, 'id', 'Saya ingin makan telur.'),
(164, 'en', 'I want to eat eggs.'),
(165, 'id', 'Kamu punya berapa buah apel?'),
(165, 'en', 'How many apples do you have?'),
(166, 'id', 'Tolong catat di atas kertas.'),
(166, 'en', 'Please note it on the paper.'),
(167, 'id', 'Saya tidak ingat lagi.'),
(167, 'en', 'I don''t remember.'),
(168, 'id', 'Tolong ingat kata-kata saya.'),
(168, 'en', 'Please keep my words in mind.'),
(169, 'id', 'Rumah saya ada di Beijing.'),
(169, 'en', 'My home is in Beijing.'),
(170, 'id', 'Dia ada di rumah.'),
(170, 'en', 'He is at home.'),
(171, 'id', 'Saya sayang keluarga saya.'),
(171, 'en', 'I love my family.'),
(172, 'id', 'Kamar ini.'),
(172, 'en', 'This room.'),
(173, 'id', 'Sampai jumpa.'),
(173, 'en', 'Goodbye.'),
(174, 'id', 'Saya ingin bertemu denganmu.'),
(174, 'en', 'I want to meet you.'),
(175, 'id', 'Dia mengajar saya bahasa Mandarin.'),
(175, 'en', 'He teaches me Chinese.'),
(176, 'id', 'Nama saya Wang Ming.'),
(176, 'en', 'My name is Wang Ming.'),
(177, 'id', 'Gedung perkuliahan ada di sana.'),
(177, 'en', 'The teaching building is over there.'),
(178, 'id', 'Dia adalah kakak perempuan saya.'),
(178, 'en', 'She is my elder sister.'),
(179, 'id', 'Tolong perkenalkan sebentar.'),
(179, 'en', 'Please introduce yourself briefly.'),
(180, 'id', 'Tahun ini saya berumur dua puluh tahun.'),
(180, 'en', 'I am twenty years old this year.'),
(181, 'id', 'Cuaca hari ini sangat bagus.'),
(181, 'en', 'Today''s weather is very good.'),
(182, 'id', 'Silakan masuk.'),
(182, 'en', 'Please enter.'),
(183, 'id', 'Dia sudah masuk ke sini.'),
(183, 'en', 'He came in.'),
(184, 'id', 'Ayo kita masuk ke sana.'),
(184, 'en', 'Let''s go in.'),
(185, 'id', 'Sembilan orang.'),
(185, 'en', 'Nine people.'),
(186, 'id', 'Saya langsung pergi sekarang.'),
(186, 'en', 'I''m going right away.'),
(187, 'id', 'Saya merasa sangat lelah.'),
(187, 'en', 'I feel very tired.'),
(188, 'id', 'Buka pintu.'),
(188, 'en', 'Open the door.'),
(189, 'id', 'Dia bisa menyetir mobil.'),
(189, 'en', 'He can drive a car.'),
(190, 'id', 'Kami sedang rapat.'),
(190, 'en', 'We are having a meeting.'),
(191, 'id', 'Jangan bercanda.'),
(191, 'en', 'Don''t joke.'),
(192, 'id', 'Dia sedang membaca buku.'),
(192, 'en', 'He is reading a book.'),
(193, 'id', 'Saya pergi ke rumah sakit untuk berobat.'),
(193, 'en', 'I go to the hospital to see a doctor.'),
(194, 'id', 'Saya sudah melihat dia.'),
(194, 'en', 'I saw him.'),
(195, 'id', 'Apakah kamu sudah melihatnya?'),
(195, 'en', 'Did you see it?'),
(196, 'id', 'Ujian bahasa Mandarin.'),
(196, 'en', 'Test Chinese.'),
(197, 'id', 'Besok ada ujian.'),
(197, 'en', 'There is an exam tomorrow.'),
(198, 'id', 'Saya haus.'),
(198, 'en', 'I am thirsty.'),
(199, 'id', 'Sekarang waktunya masuk kelas.'),
(199, 'en', 'Class starts now.'),
(200, 'id', 'Buka buku cetakmu.'),
(200, 'en', 'Open the textbook.'),
(201, 'id', 'Silakan baca teks pelajaran.'),
(201, 'en', 'Please read the text.'),
(202, 'id', 'Keluarga saya ada lima orang.'),
(202, 'en', 'There are five people in my family.'),
(203, 'id', 'Tiga yuan.'),
(203, 'en', 'Three yuan.'),
(204, 'id', 'Dia berlari sangat cepat.'),
(204, 'en', 'He runs very fast.'),
(205, 'id', 'Dia datang ke rumah saya.'),
(205, 'en', 'He came to my house.'),
(206, 'id', 'Selamat datang di Beijing.'),
(206, 'en', 'Welcome to Beijing.'),
(207, 'id', 'Itu adalah rumah lama saya.'),
(207, 'en', 'That is my old house.'),
(208, 'id', 'Kita harus membantu orang tua.'),
(208, 'en', 'We should help the elderly.'),
(209, 'id', 'Halo guru.'),
(209, 'en', 'Hello teacher.'),
(210, 'id', 'Dia sudah datang.'),
(210, 'en', 'He has come.'),
(211, 'id', 'Saya sangat lelah.'),
(211, 'en', 'I am very tired.'),
(212, 'id', 'Hari ini sangat dingin.'),
(212, 'en', 'Today is very cold.'),
(213, 'id', 'Ada buku di dalam tas.'),
(213, 'en', 'There are books in the bag.'),
(214, 'id', 'Silakan masuk ke dalam.'),
(214, 'en', 'Please come inside.'),
(215, 'id', 'Saya punya dua adik laki-laki.'),
(215, 'en', 'I have two younger brothers.'),
(216, 'id', 'Tahun 2025.'),
(216, 'en', 'Year 2025.'),
(217, 'id', 'Enam buah apel.'),
(217, 'en', 'Six apples.'),
(218, 'id', 'Ini gedung nomor satu.'),
(218, 'en', 'This is Building No. 1.'),
(219, 'id', 'Dia ada di lantai atas.'),
(219, 'en', 'He is upstairs.'),
(220, 'id', 'Kita ada di lantai bawah.'),
(220, 'en', 'We are downstairs.'),
(221, 'id', 'Jalan ini sangat panjang.'),
(221, 'en', 'This road is very long.'),
(222, 'id', 'Tunggu aku di persimpangan.'),
(222, 'en', 'Wait for me at the intersection.'),
(223, 'id', 'Dia sedang di jalan.'),
(223, 'en', 'He is on the way.'),
(224, 'id', 'Saya sayang ibu saya.'),
(224, 'en', 'I love my mom.'),
(225, 'id', 'Menyeberang jalan raya.'),
(225, 'en', 'Cross the street.'),
(226, 'id', 'Saya akan segera datang.'),
(226, 'en', 'I will come immediately.'),
(227, 'id', 'Apakah kamu seorang guru?'),
(227, 'en', 'Are you a teacher?'),
(228, 'id', 'Saya ingin membeli buku.'),
(228, 'en', 'I want to buy books.'),
(229, 'id', 'Silakan pelan-pelan (hati-hati di jalan).'),
(229, 'en', 'Please take care (go slowly).'),
(230, 'id', 'Saya sangat sibuk.'),
(230, 'en', 'I am very busy.'),
(231, 'id', 'Limapuluh sen.'),
(231, 'en', 'Fifty cents.'),
(232, 'id', 'Saya tidak pergi.'),
(232, 'en', 'I didn''t go.'),
(233, 'id', 'Tidak apa-apa, terima kasih.'),
(233, 'en', 'No problem, thanks.'),
(234, 'id', 'Tidak ada apa-apa, jangan khawatir.'),
(234, 'en', 'It''s nothing, don''t worry.'),
(235, 'id', 'Saya tidak apa-apa.'),
(235, 'en', 'I am okay.'),
(236, 'id', 'Saya tidak punya uang.'),
(236, 'en', 'I don''t have money.'),
(237, 'id', 'Dia adalah adik perempuan saya.'),
(237, 'en', 'She is my younger sister.'),
(238, 'id', 'Tolong buka pintunya.'),
(238, 'en', 'Please open the door.'),
(239, 'id', 'Saya ada di depan pintu.'),
(239, 'en', 'I am at the doorway.'),
(240, 'id', 'Membeli tiket masuk.'),
(240, 'en', 'Buy entrance tickets.'),
(241, 'id', 'Halo para siswa.'),
(241, 'en', 'Hello students.'),
(242, 'id', 'Makan nasi putih.'),
(242, 'en', 'Eat steamed rice.'),
(243, 'id', 'Saya suka makan roti.'),
(243, 'en', 'I like to eat bread.'),
(244, 'id', 'Dua mangkuk mie.'),
(244, 'en', 'Two bowls of noodles.'),
(245, 'id', 'Siapa namamu?'),
(245, 'en', 'What is your name?'),
(246, 'id', 'Saya sudah mengerti.'),
(246, 'en', 'I understand.'),
(247, 'id', 'Sampai jumpa tahun depan.'),
(247, 'en', 'See you next year.'),
(248, 'id', 'Sampai jumpa besok.'),
(248, 'en', 'See you tomorrow.'),
(249, 'id', 'Saya mengambil buku.'),
(249, 'en', 'I take the book.'),
(250, 'id', 'Kamu orang negara mana?'),
(250, 'en', 'Which country are you from?'),
(251, 'id', 'Dia ada di mana?'),
(251, 'en', 'Where is he?'),
(252, 'id', 'Kamu pergi ke mana?'),
(252, 'en', 'Where are you going?'),
(253, 'id', 'Yang mana saja milikmu?'),
(253, 'en', 'Which ones are yours?'),
(254, 'id', 'Itu adalah buku.'),
(254, 'en', 'That is a book.'),
(255, 'id', 'Dia ada di sebelah sana.'),
(255, 'en', 'He is over there.'),
(256, 'id', 'Saya pergi ke sana.'),
(256, 'en', 'I go there.'),
(257, 'id', 'Ada orang di sana.'),
(257, 'en', 'There is someone there.'),
(258, 'id', 'Itu semua buku-buku saya.'),
(258, 'en', 'Those are my books.'),
(259, 'id', 'Saya ingin minum susu.'),
(259, 'en', 'I want to drink milk.'),
(260, 'id', 'Nenek saya sangat baik.'),
(260, 'en', 'My grandma is very good.'),
(261, 'id', 'Siswa laki-laki.'),
(261, 'en', 'Male student.'),
(262, 'id', 'Anak laki-laki itu ada di sana.'),
(262, 'en', 'That boy is over there.'),
(263, 'id', 'Dia adalah pacar saya.'),
(263, 'en', 'He is my boyfriend.'),
(264, 'id', 'Tiga orang pria.'),
(264, 'en', 'Three men.'),
(265, 'id', 'Sekolah kami punya banyak siswa laki-laki.'),
(265, 'en', 'Our school has many boy students.'),
(266, 'id', 'Jalan ke arah selatan.'),
(266, 'en', 'Walk towards the south.'),
(267, 'id', 'Sekolah ada di sisi selatan.'),
(267, 'en', 'The school is on the south side.'),
(268, 'id', 'Bahasa Mandarin tidak sulit.'),
(268, 'en', 'Chinese is not difficult.'),
(269, 'id', 'Kalau kamu bagaimana?'),
(269, 'en', 'How about you?'),
(270, 'id', 'Saya bisa pergi.'),
(270, 'en', 'I can go.'),
(271, 'id', 'Halo (apa kabar).'),
(271, 'en', 'Hello.'),
(272, 'id', 'Kalian ada di mana?'),
(272, 'en', 'Where are you all?'),
(273, 'id', 'Satu tahun.'),
(273, 'en', 'One year.'),
(274, 'id', 'Siapa marga Anda?'),
(274, 'en', 'What is your surname?'),
(275, 'id', 'Saya minum susu sapi.'),
(275, 'en', 'I drink milk.'),
(276, 'id', 'Guru perempuan.'),
(276, 'en', 'Female teacher.'),
(277, 'id', 'Dia adalah anak perempuan saya.'),
(277, 'en', 'She is my daughter.'),
(278, 'id', 'Anak perempuan itu ada di sana.'),
(278, 'en', 'That girl is over there.'),
(279, 'id', 'Dia adalah pacar saya.'),
(279, 'en', 'She is my girlfriend.'),
(280, 'id', 'Itu adalah tiga orang wanita.'),
(280, 'en', 'Those are three women.'),
(281, 'id', 'Sekolah kami punya banyak siswa perempuan.'),
(281, 'en', 'Our school has many girl students.'),
(282, 'id', 'Buku ada di samping komputer.'),
(282, 'en', 'The book is beside the computer.'),
(283, 'id', 'Dia sedang berlari.'),
(283, 'en', 'He is running.'),
(284, 'id', 'Dia adalah teman saya.'),
(284, 'en', 'He is my friend.'),
(285, 'id', 'Membeli tiket.'),
(285, 'en', 'Buy a ticket.'),
(286, 'id', 'Tujuh buah.'),
(286, 'en', 'Seven items.'),
(287, 'id', 'Bersama-sama.'),
(287, 'en', 'Together.'),
(288, 'id', 'Saya bangun tidur jam enam.'),
(288, 'en', 'I get up at six.'),
(289, 'id', 'Berdirilah.'),
(289, 'en', 'Stand up.'),
(290, 'id', 'Dia membeli sebuah mobil.'),
(290, 'en', 'He bought a car.'),
(291, 'id', 'Tiga hari yang lalu.'),
(291, 'en', 'Three days ago.'),
(292, 'id', 'Dia ada di depan saya.'),
(292, 'en', 'He is in front of me.'),
(293, 'id', 'Kemarin lusa saya pergi ke Beijing.'),
(293, 'en', 'The day before yesterday I went to Beijing.'),
(294, 'id', 'Saya punya uang.'),
(294, 'en', 'I have money.'),
(295, 'id', 'Dompet ada di dalam tas.'),
(295, 'en', 'The wallet is in the bag.'),
(296, 'id', 'Silakan masuk.'),
(296, 'en', 'Please come in.'),
(297, 'id', 'Saya ingin minta izin libur.'),
(297, 'en', 'I want to ask for leave.'),
(298, 'id', 'Guru, silakan masuk.'),
(298, 'en', 'Teacher, please come in.'),
(299, 'id', 'Permisi, apakah dia ada di rumah?'),
(299, 'en', 'Excuse me, is he at home?'),
(300, 'id', 'Silakan duduk.'),
(300, 'en', 'Please sit down.'),
(301, 'id', 'Dia sedang bermain bola.'),
(301, 'en', 'He is playing ball.'),
(302, 'id', 'Saya pergi ke sekolah.'),
(302, 'en', 'I go to school.'),
(303, 'id', 'Tahun lalu dia pergi ke Tiongkok.'),
(303, 'en', 'He went to China last year.'),
(304, 'id', 'Hari ini sangat panas.'),
(304, 'en', 'Today is very hot.'),
(305, 'id', 'Dia adalah orang baik.'),
(305, 'en', 'He is a good person.'),
(306, 'id', 'Saya tidak kenal dia.'),
(306, 'en', 'I don''t know him.'),
(307, 'id', 'Dia bekerja dengan sangat sungguh-sungguh.'),
(307, 'en', 'He works very earnestly.'),
(308, 'id', 'Tanggal sepuluh Februari.'),
(308, 'en', 'February 10th.'),
(309, 'id', 'Tanggal hari ini.'),
(309, 'en', 'Today''s date.'),
(310, 'id', 'Saya ingin makan daging.'),
(310, 'en', 'I want to eat meat.'),
(311, 'id', 'Tiga buah.'),
(311, 'en', 'Three items.'),
(312, 'id', 'Gunung itu sangat tinggi.'),
(312, 'en', 'That mountain is very high.'),
(313, 'id', 'Pergi ke mal membeli barang.'),
(313, 'en', 'Go to the mall to buy things.'),
(314, 'id', 'Di dalam toko ada buku.'),
(314, 'en', 'There are books in the shop.'),
(315, 'id', 'Di atas meja.'),
(315, 'en', 'On the table.'),
(316, 'id', 'Saya masuk kerja jam delapan.'),
(316, 'en', 'I go to work at eight.'),
(317, 'id', 'Ada di atas lemari.'),
(317, 'en', 'It''s on top of the cabinet.'),
(318, 'id', 'Silakan naik kendaraan.'),
(318, 'en', 'Please get in the car.'),
(319, 'id', 'Lalu kali saya tidak pergi.'),
(319, 'en', 'Last time I didn''t go.'),
(320, 'id', 'Mari kita mulai kelas.'),
(320, 'en', 'Let''s start the class.'),
(321, 'id', 'Dia sedang berinternet.'),
(321, 'en', 'He is surfing the internet.'),
(322, 'id', 'Pagi hari ini.'),
(322, 'en', 'This morning.'),
(323, 'id', 'Anak pergi sekolah.'),
(323, 'en', 'The children are going to school.'),
(324, 'id', 'Orangnya sedikit.'),
(324, 'en', 'There are very few people.'),
(325, 'id', 'Siapa dia?'),
(325, 'en', 'Who is he?'),
(326, 'id', 'Dia membawa uang di tubuhnya.'),
(326, 'en', 'He has money on him.'),
(327, 'id', 'Tubuh sehat.'),
(327, 'en', 'In good health.'),
(328, 'id', 'Apa ini?'),
(328, 'en', 'What is this?'),
(329, 'id', 'Dia sudah jatuh sakit.'),
(329, 'en', 'He fell ill.'),
(330, 'id', 'Jangan marah.'),
(330, 'en', 'Don''t get angry.'),
(331, 'id', 'Selamat ulang tahun untukmu.'),
(331, 'en', 'Happy birthday to you.'),
(332, 'id', 'Sepuluh orang.'),
(332, 'en', 'Ten people.'),
(333, 'id', 'Kapan (waktu apa)?'),
(333, 'en', 'When (what time)?'),
(334, 'id', 'Tidak ada waktu.'),
(334, 'en', 'No time.'),
(335, 'id', 'Ada urusan apa?'),
(335, 'en', 'What is the matter?'),
(336, 'id', 'Coba sebentar.'),
(336, 'en', 'Give it a try.'),
(337, 'id', 'Saya adalah seorang siswa.'),
(337, 'en', 'I am a student.'),
(338, 'id', 'Apakah kamu seorang guru (bukan)?'),
(338, 'en', 'Are you a teacher or not?'),
(339, 'id', 'Tangan sangat bersih.'),
(339, 'en', 'Hands are very clean.'),
(340, 'id', 'Ponsel saya.'),
(340, 'en', 'My phone.'),
(341, 'id', 'Saya membaca buku.'),
(341, 'en', 'I read books.'),
(342, 'id', 'Ada buku di dalam tas sekolah.'),
(342, 'en', 'There are books in the bag.'),
(343, 'id', 'Pergi ke toko buku membeli buku.'),
(343, 'en', 'Go to the bookstore to buy books.'),
(344, 'id', 'Di sana ada banyak pohon.'),
(344, 'en', 'There are many trees there.'),
(345, 'id', 'Silakan minum air.'),
(345, 'en', 'Please drink water.'),
(346, 'id', 'Saya ingin makan buah.'),
(346, 'en', 'I want to eat fruit.'),
(347, 'id', 'Dia sedang tidur.'),
(347, 'en', 'He is sleeping.'),
(348, 'id', 'Waktunya tidur.'),
(348, 'en', 'Time to sleep.'),
(349, 'id', 'Kamu bicara apa?'),
(349, 'en', 'What did you say?'),
(350, 'id', 'Jangan bicara.'),
(350, 'en', 'Don''t talk.'),
(351, 'id', 'Empat buah apel.'),
(351, 'en', 'Four apples.'),
(352, 'id', 'Saya mengantarmu.'),
(352, 'en', 'I will send you.'),
(353, 'id', 'Dia berumur lima tahun.'),
(353, 'en', 'He is five years old.'),
(354, 'id', 'Dia adalah teman saya.'),
(354, 'en', 'He is my friend.'),
(355, 'id', 'Mereka ada di sana.'),
(355, 'en', 'They are over there.'),
(356, 'id', 'Dia adalah seorang guru.'),
(356, 'en', 'She is a teacher.'),
(357, 'id', 'Mereka sedang belajar.'),
(357, 'en', 'They are studying.'),
(358, 'id', 'Terlalu besar.'),
(358, 'en', 'Too big.'),
(359, 'id', 'Tiga hari.'),
(359, 'en', 'Three days.'),
(360, 'id', 'Cuacanya sangat bagus.'),
(360, 'en', 'The weather is very good.'),
(361, 'id', 'Mendengarkan musik.'),
(361, 'en', 'Listen to music.'),
(362, 'id', 'Saya sudah mendengarnya.'),
(362, 'en', 'I heard it.'),
(363, 'id', 'Apakah kamu sudah mendengarnya?'),
(363, 'en', 'Did you hear?'),
(364, 'id', 'Besok ada dikte.'),
(364, 'en', 'There is dictation tomorrow.'),
(365, 'id', 'Dia adalah teman sekelas saya.'),
(365, 'en', 'He is my classmate.'),
(366, 'id', 'Saya pergi ke perpustakaan.'),
(366, 'en', 'I go to the library.'),
(367, 'id', 'Di luar.'),
(367, 'en', 'Outside.'),
(368, 'id', 'Dia ada di luar.'),
(368, 'en', 'He is outside.'),
(369, 'id', 'Pergi ke luar negeri.'),
(369, 'en', 'Go to a foreign country.'),
(370, 'id', 'Saya belajar bahasa asing.'),
(370, 'en', 'I study foreign languages.'),
(371, 'id', 'Bermain di sana.'),
(371, 'en', 'Playing there.'),
(372, 'id', 'Dia datang terlambat.'),
(372, 'en', 'He came late.'),
(373, 'id', 'Makan malam.'),
(373, 'en', 'Eat dinner.'),
(374, 'id', 'Dia bekerja pada malam hari.'),
(374, 'en', 'He works at night.'),
(375, 'id', 'Membeli buku di internet.'),
(375, 'en', 'Buy books online.'),
(376, 'id', 'Saya punya tiga teman online.'),
(376, 'en', 'I have three net friends.'),
(377, 'id', 'Jangan lupa.'),
(377, 'en', 'Don''t forget.'),
(378, 'id', 'Saya melupakan namanya.'),
(378, 'en', 'I forgot his name.'),
(379, 'id', 'Menanyakanmu.'),
(379, 'en', 'Ask you.'),
(380, 'id', 'Saya adalah seorang siswa.'),
(380, 'en', 'I am a student.'),
(381, 'id', 'Ayo kita pergi.'),
(381, 'en', 'Let''s go.'),
(382, 'id', 'Lima yuan.'),
(382, 'en', 'Five yuan.'),
(383, 'id', 'Makan siang.'),
(383, 'en', 'Eat lunch.'),
(384, 'id', 'Matahari ada di barat.'),
(384, 'en', 'The sun is in the west.'),
(385, 'id', 'Dia ada di sebelah barat.'),
(385, 'en', 'He is on the west side.'),
(386, 'id', 'Mencuci baju.'),
(386, 'en', 'Wash clothes.'),
(387, 'id', 'Toilet ada di sana.'),
(387, 'en', 'The restroom is over there.'),
(388, 'id', 'Saya suka makan bakpao.'),
(388, 'en', 'I like eating buns.'),
(389, 'id', 'Turun lantai.'),
(389, 'en', 'Go downstairs.'),
(390, 'id', 'Pulang kerja jam lima.'),
(390, 'en', 'Get off work at five.'),
(391, 'id', 'Ada di bawah meja.'),
(391, 'en', 'It''s under the table.'),
(392, 'id', 'Waktunya turun kendaraan.'),
(392, 'en', 'Time to get off.'),
(393, 'id', 'Sampai jumpa lain kali.'),
(393, 'en', 'See you next time.'),
(394, 'id', 'Selesai kelas jam empat.'),
(394, 'en', 'Finish class at four.'),
(395, 'id', 'Selamat sore.'),
(395, 'en', 'Good afternoon.'),
(396, 'id', 'Di luar sedang hujan.'),
(396, 'en', 'It is raining outside.'),
(397, 'id', 'Saya jalan duluan.'),
(397, 'en', 'I go first.'),
(398, 'id', 'Tuan Wang.'),
(398, 'en', 'Mr. Wang.'),
(399, 'id', 'Sekarang jam berapa?'),
(399, 'en', 'What time is it now?'),
(400, 'id', 'Saya ingin makan apel.'),
(400, 'en', 'I want to eat an apple.'),
(401, 'id', 'Kucing ini sangat kecil.'),
(401, 'en', 'This cat is very small.'),
(402, 'id', 'Anak itu sangat lucu.'),
(402, 'en', 'That child is very cute.'),
(403, 'id', 'Nona Wang.'),
(403, 'en', 'Miss Wang.'),
(404, 'id', 'Halo anak-anak.'),
(404, 'en', 'Hello children.'),
(405, 'id', 'Satu jam.'),
(405, 'en', 'One hour.'),
(406, 'id', 'Dia belajar di sekolah dasar.'),
(406, 'en', 'He is studying in primary school.'),
(407, 'id', 'Saya murid SD.'),
(407, 'en', 'I am a primary school student.'),
(408, 'id', 'Jangan menertawakan saya.'),
(408, 'en', 'Don''t laugh at me.'),
(409, 'id', 'Menulis karakter Mandarin.'),
(409, 'en', 'Write Chinese characters.'),
(410, 'id', 'Terima kasih kepadamu.'),
(410, 'en', 'Thank you.'),
(411, 'id', 'Baju baru.'),
(411, 'en', 'New clothes.'),
(412, 'id', 'Selamat tahun baru.'),
(412, 'en', 'Happy New Year.'),
(413, 'id', 'Satu minggu.'),
(413, 'en', 'One week.'),
(414, 'id', 'Hari ini adalah hari Minggu.'),
(414, 'en', 'Today is Sunday.'),
(415, 'id', 'Hari Minggu tidak bekerja.'),
(415, 'en', 'Don''t work on Sunday.'),
(416, 'id', 'Boleh tidak?'),
(416, 'en', 'Is it OK?'),
(417, 'id', 'Istirahat sebentar.'),
(417, 'en', 'Rest for a bit.'),
(418, 'id', 'Belajar bahasa Mandarin.'),
(418, 'en', 'Learn Chinese.'),
(419, 'id', 'Dia adalah siswa saya.'),
(419, 'en', 'He is my student.'),
(420, 'id', 'Dia sedang belajar.'),
(420, 'en', 'He is studying.'),
(421, 'id', 'Saya pergi ke sekolah.'),
(421, 'en', 'I go to school.'),
(422, 'id', 'Di akademi Beijing.'),
(422, 'en', 'In Beijing academy.'),
(423, 'id', 'Saya mau yang ini.'),
(423, 'en', 'I want this.'),
(424, 'id', 'Saya sayang kakek.'),
(424, 'en', 'I love grandpa.'),
(425, 'id', 'Saya juga pergi.'),
(425, 'en', 'I also go.'),
(426, 'id', 'Halaman sepuluh.'),
(426, 'en', 'Page ten.'),
(427, 'id', 'Satu buah.'),
(427, 'en', 'One piece.'),
(428, 'id', 'Membeli baju.'),
(428, 'en', 'Buy clothes.'),
(429, 'id', 'Dia adalah dokter.'),
(429, 'en', 'He is a doctor.'),
(430, 'id', 'Pergi ke rumah sakit berobat.'),
(430, 'en', 'Go to the hospital to see a doctor.'),
(431, 'id', 'Berikan saya setengah.'),
(431, 'en', 'Give me half.'),
(432, 'id', 'Tunggu sebentar.'),
(432, 'en', 'Wait a little while.'),
(433, 'id', 'Ayo jalan bersama.'),
(433, 'en', 'Let''s go together.'),
(434, 'id', 'Lihat sebentar.'),
(434, 'en', 'Have a quick look.'),
(435, 'id', 'Kita seumuran (sama besarnya).'),
(435, 'en', 'We are the same age.'),
(436, 'id', 'Menulis sambil membaca.'),
(436, 'en', 'Writing while reading.'),
(437, 'id', 'Ada sedikit dingin.'),
(437, 'en', 'A little bit cold.'),
(438, 'id', 'Kita pergi bersama.'),
(438, 'en', 'We go together.'),
(439, 'id', 'Beberapa buah apel.'),
(439, 'en', 'Some apples.'),
(440, 'id', 'Menggunakan komputer.'),
(440, 'en', 'Use a computer.'),
(441, 'id', 'Saya punya uang.'),
(441, 'en', 'I have money.'),
(442, 'id', 'Ada beberapa buku yang sangat bagus.'),
(442, 'en', 'Some books are very good.'),
(443, 'id', 'Dia sangat terkenal.'),
(443, 'en', 'He is very famous.'),
(444, 'id', 'Kadang-kadang saya pergi ke sekolah.'),
(444, 'en', 'Sometimes I go to school.'),
(445, 'id', 'Ada beberapa buah apel.'),
(445, 'en', 'There are some apples.'),
(446, 'id', 'Sangat berguna.'),
(446, 'en', 'Very useful.'),
(447, 'id', 'Jalan ke arah kanan.'),
(447, 'en', 'Walk towards the right.'),
(448, 'id', 'Dia ada di sisi kanan.'),
(448, 'en', 'He is on the right side.'),
(449, 'id', 'Sudah turun hujan.'),
(449, 'en', 'It is raining.'),
(450, 'id', 'Sepuluh yuan.'),
(450, 'en', 'Ten yuan.'),
(451, 'id', 'Sekolah tidak jauh.'),
(451, 'en', 'School is not far.'),
(452, 'id', 'Bulan Oktober.'),
(452, 'en', 'October.'),
(453, 'id', 'Tolong katakan sekali lagi.'),
(453, 'en', 'Please say it again.'),
(454, 'id', 'Guru, sampai jumpa.'),
(454, 'en', 'Teacher, goodbye.'),
(455, 'id', 'Saya ada di sekolah.'),
(455, 'en', 'I am at school.'),
(456, 'id', 'Dia ada di rumah.'),
(456, 'en', 'He is at home.'),
(457, 'id', 'Selamat pagi guru.'),
(457, 'en', 'Good morning teacher.'),
(458, 'id', 'Makan sarapan.'),
(458, 'en', 'Eat breakfast.'),
(459, 'id', 'Pagi hari ini.'),
(459, 'en', 'This morning.'),
(460, 'id', 'Kamu kenapa (bagaimana)?'),
(460, 'en', 'What happened to you?'),
(461, 'id', 'Stasiun.'),
(461, 'en', 'Station.'),
(462, 'id', 'Saya mencari buku.'),
(462, 'en', 'I am looking for a book.'),
(463, 'id', 'Saya sudah menemukannya.'),
(463, 'en', 'I found it.'),
(464, 'id', 'Ini punya saya.'),
(464, 'en', 'This is mine.'),
(465, 'id', 'Silakan lewat sebelah sini.'),
(465, 'en', 'Please go this way.'),
(466, 'id', 'Saya di sini.'),
(466, 'en', 'I am here.'),
(467, 'id', 'Apakah di sini ada orang?'),
(467, 'en', 'Is there anyone here?'),
(468, 'id', 'Buku-buku ini milik saya.'),
(468, 'en', 'These are my books.'),
(469, 'id', 'Pintu sedang terbuka.'),
(469, 'en', 'The door is open.'),
(470, 'id', 'Cuacanya sungguh bagus.'),
(470, 'en', 'The weather is really good.'),
(471, 'id', 'Ini sungguhan.'),
(471, 'en', 'This is true.'),
(472, 'id', 'Sekarang tepat jam sepuluh.'),
(472, 'en', 'It is exactly ten o''clock.'),
(473, 'id', 'Dia sedang belajar.'),
(473, 'en', 'He is studying.'),
(474, 'id', 'Saya sudah tahu.'),
(474, 'en', 'I know.'),
(475, 'id', 'Kita harus belajar pengetahuan.'),
(475, 'en', 'We should learn knowledge.'),
(476, 'id', 'Di dalam hati.'),
(476, 'en', 'In the heart.'),
(477, 'id', 'Saya pergi ke Tiongkok.'),
(477, 'en', 'I go to China.'),
(478, 'id', 'Duduk di tengah.'),
(478, 'en', 'Sit in the middle.'),
(479, 'id', 'Saya bisa bicara bahasa Mandarin.'),
(479, 'en', 'I can speak Chinese.'),
(480, 'id', 'Makan siang.'),
(480, 'en', 'Eat lunch at noon.'),
(481, 'id', 'Dia bersekolah di sekolah menengah.'),
(481, 'en', 'He is in middle school.'),
(482, 'id', 'Saya murid sekolah menengah.'),
(482, 'en', 'I am a middle school student.'),
(483, 'id', 'Tas ini sangat berat.'),
(483, 'en', 'This bag is very heavy.'),
(484, 'id', 'Hal ini sangat penting.'),
(484, 'en', 'This is very important.'),
(485, 'id', 'Dia tinggal di Beijing.'),
(485, 'en', 'He lives in Beijing.'),
(486, 'id', 'Sudah siap.'),
(486, 'en', 'Ready.'),
(487, 'id', 'Ada buku di atas meja.'),
(487, 'en', 'There are books on the table.'),
(488, 'id', 'Huruf ini bagaimana bacanya?'),
(488, 'en', 'How to read this character?'),
(489, 'id', 'Meja.'),
(489, 'en', 'Table.'),
(490, 'id', 'Mari kita pergi.'),
(490, 'en', 'Let''s go.'),
(491, 'id', 'Saya berjalan kaki ke sekolah.'),
(491, 'en', 'I walk to school.'),
(492, 'id', 'Saya paling suka ini.'),
(492, 'en', 'I like this the most.'),
(493, 'id', 'Ini adalah yang terbaik.'),
(493, 'en', 'This is the best.'),
(494, 'id', 'Yang terakhir.'),
(494, 'en', 'The last one.'),
(495, 'id', 'Kemarin saya tidak pergi.'),
(495, 'en', 'I didn''t go yesterday.'),
(496, 'id', 'Jalan ke arah kiri.'),
(496, 'en', 'Walk to the left.'),
(497, 'id', 'Dia ada di sisi kiri.'),
(497, 'en', 'He is on the left side.'),
(498, 'id', 'Duduk.'),
(498, 'en', 'Sit down.'),
(499, 'id', 'Silakan duduk.'),
(499, 'en', 'Please sit down.'),
(500, 'id', 'Dia sedang memasak.'),
(500, 'en', 'He is cooking.');
