-- =========================================================
-- HSK 2 (Band 2) - BATCH 1: KATA 1 - 100 (ID 501 - 600)
-- =========================================================

-- 1. Insert Informasi Sumber HSK 2

INSERT INTO hsk_sources (id, name, level, year_released, hsk_version) 
VALUES (2, 'New HSK (3.0) 2 Word List (MandarinBean)', 2, 2025, '3.0') 
ON CONFLICT (id) DO NOTHING;

INSERT INTO words (id, hanzi, pinyin, hsk_source_id) VALUES 
(501, '啊', 'a', 2),
(502, '爱情', 'àiqíng', 2),
(503, '爱人', 'àirén', 2),
(504, '安静', 'ānjìng', 2),
(505, '安全', 'ānquán', 2),
(506, '白色', 'báisè', 2),
(507, '班长', 'bānzhǎng', 2),
(508, '办', 'bàn', 2),
(509, '办法', 'bànfǎ', 2),
(510, '办公室', 'bàngōngshì', 2),
(511, '半夜', 'bànyè', 2),
(512, '帮助', 'bāngzhù', 2),
(513, '饱', 'bǎo', 2),
(514, '报纸', 'bàozhǐ', 2),
(515, '北方', 'běifāng', 2),
(516, '背', 'bèi', 2),
(517, '背后', 'bèihòu', 2),
(518, '被', 'bèi', 2),
(519, '本来', 'běnlái', 2),
(520, '本子', 'běnzi', 2),
(521, '笨', 'bèn', 2),
(522, '比较', 'bǐjiào', 2),
(523, '比赛', 'bǐsài', 2),
(524, '笔记', 'bǐjì', 2),
(525, '笔记本', 'bǐjìběn', 2),
(526, '毕业', 'bìyè', 2),
(527, '变化', 'biànhuà', 2),
(528, '遍', 'biàn', 2),
(529, '标准', 'biāozhǔn', 2),
(530, '表达', 'biǎodá', 2),
(531, '表格', 'biǎogé', 2),
(532, '表示', 'biǎoshì', 2),
(533, '表演', 'biǎoyǎn', 2),
(534, '表扬', 'biǎoyáng', 2),
(535, '别的东西', 'bié de dōngxi', 2),
(536, '别人的', 'biérén de', 2),
(537, '别提了', 'bié tí le', 2),
(538, '冰激凌', 'bīngjīlíng', 2),
(539, '冰箱', 'bīngxiāng', 2),
(540, '饼干', 'bǐnggān', 2),
(541, '不但...而且...', 'búdàn...érqiě...', 2),
(542, '不得不', 'bùdébù', 2),
(543, '不管', 'bùguǎn', 2),
(544, '不过', 'búguò', 2),
(545, '不好意思', 'bù hǎoyìsi', 2),
(546, '不久', 'bùjiǔ', 2),
(547, '不满', 'bùmǎn', 2),
(548, '不然', 'bùrán', 2),
(549, '不如', 'bùrú', 2),
(550, '不同', 'bùtóng', 2),
(551, '不用', 'búyòng', 2),
(552, '部分', 'bùfen', 2),
(553, '擦', 'cā', 2),
(554, '猜', 'cāi', 2),
(555, '才', 'cái', 2),
(556, '材料', 'cáiliào', 2),
(557, '菜单', 'càidān', 2),
(558, '参观', 'cānguān', 2),
(559, '参加', 'cānjiā', 2),
(560, '草', 'cǎo', 2),
(561, '草地', 'cǎodì', 2),
(562, '层', 'céng', 2),
(563, '茶馆', 'cháguǎn', 2),
(564, '茶叶', 'cháyè', 2),
(565, '长', 'cháng', 2),
(566, '长城', 'chángchéng', 2),
(567, '长江', 'chángjiāng', 2),
(568, '场', 'chǎng', 2),
(569, '唱歌', 'chànggē', 2),
(570, '抄', 'chāo', 2),
(571, '超过', 'chāoguò', 2),
(572, '超级', 'chāojí', 2),
(573, '超级市场', 'chāojí shìchǎng', 2),
(574, '吵', 'chǎo', 2),
(575, '衬衫', 'chènshān', 2),
(576, '成功', 'chénggōng', 2),
(577, '成绩', 'chéngjì', 2),
(578, '成人', 'chéngrén', 2),
(579, '城市', 'chéngshì', 2),
(580, '乘坐', 'chéngzuò', 2),
(581, '吃惊', 'chījīng', 2),
(582, '迟到', 'chídào', 2),
(583, '抽屉', 'chōuti', 2),
(584, '抽烟', 'chōuyān', 2),
(585, '出差', 'chūchāi', 2),
(586, '出发', 'chūfā', 2),
(587, '出生', 'chūshēng', 2),
(588, '出现', 'chūxiàn', 2),
(589, '厨房', 'chúfáng', 2),
(590, '除了', 'chúle', 2),
(591, '穿', 'chuān', 2),
(592, '窗户', 'chuānghu', 2),
(593, '窗帘', 'chuānglián', 2),
(594, '闯', 'chuǎng', 2),
(595, '吹', 'chuī', 2),
(596, '春天', 'chūntiān', 2),
(597, '磁带', 'cídài', 2),
(598, '词典', 'cídiǎn', 2),
(599, '词语', 'cíyǔ', 2),
(600, '聪明', 'cōngming', 2),
(601, '从来', 'cónglái', 2),
(602, '粗心', 'cūxīn', 2),
(603, '答案', 'dá''àn', 2),
(604, '打扮', 'dǎban', 2),
(605, '打扫', 'dǎsǎo', 2),
(606, '打算', 'dǎsuàn', 2),
(607, '打工', 'dǎgōng', 2),
(608, '打折', 'dǎzhé', 2),
(609, '打针', 'dǎzhēn', 2),
(610, '大概', 'dàgài', 2),
(611, '大使馆', 'dàshǐguǎn', 2),
(612, '大约', 'dàyuē', 2),
(613, '大家', 'dàjiā', 2),
(614, '带', 'dài', 2),
(615, '戴', 'dài', 2),
(616, '代表', 'dàibiǎo', 2),
(617, '代替', 'dàitì', 2),
(618, '大夫', 'dàifu', 2),
(619, '担心', 'dānxīn', 2),
(620, '蛋糕', 'dàngāo', 2),
(621, '当', 'dāng', 2),
(622, '当然', 'dāngrán', 2),
(623, '当时', 'dāngshí', 2),
(624, '当中', 'dāngzhōng', 2),
(625, '到处', 'dàochù', 2),
(626, '到底', 'dàodǐ', 2),
(627, '道歉', 'dàoqiàn', 2),
(628, '得意', 'déyì', 2),
(629, '得', 'de', 2),
(630, '登机牌', 'dēngjīpái', 2),
(631, '等', 'děng', 2),
(632, '低', 'dī', 2),
(633, '底', 'dǐ', 2),
(634, '地跌', 'dìtiě', 2),
(635, '地址', 'dìzhǐ', 2),
(636, '第一', 'dìyī', 2),
(637, '点心', 'diǎnxin', 2),
(638, '电池', 'diànchí', 2),
(639, '电梯', 'diàntī', 2),
(640, '电子', 'diànzǐ', 2),
(641, '调查', 'diàochá', 2),
(642, '丢', 'diū', 2),
(643, '冬天', 'dōngtiān', 2),
(644, '懂', 'dǒng', 2),
(645, '动物', 'dòngwù', 2),
(646, '动物园', 'dòngwùyuán', 2),
(647, '动作', 'dòngzuò', 2),
(648, '肚子', 'dùzi', 2),
(649, '段', 'duàn', 2),
(650, '断', 'duàn', 2),
(651, '对', 'duì', 2),
(652, '对话', 'duìhuà', 2),
(653, '对面', 'duìmiàn', 2),
(654, '顿', 'dùn', 2),
(655, '多么', 'duōme', 2),
(656, '多少', 'duōshao', 2),
(657, '儿童', 'értóng', 2),
(658, '发', 'fā', 2),
(659, '发烧', 'fāshāo', 2),
(660, '发生', 'fāshēng', 2),
(661, '发现', 'fāxiàn', 2),
(662, '法律', 'fǎlǜ', 2),
(663, '法院', 'fǎyuàn', 2),
(664, '翻译', 'fānyì', 2),
(665, '烦恼', 'fánnǎo', 2),
(666, '反对', 'fǎnduì', 2),
(667, '反应', 'fǎnyìng', 2),
(668, '饭馆', 'fànguǎn', 2),
(669, '范围', 'fànwéi', 2),
(670, '方便', 'fāngbiàn', 2),
(671, '方法', 'fāngfǎ', 2),
(672, '方面', 'fāngmiàn', 2),
(673, '方向', 'fāngxiàng', 2),
(674, '房东', 'fángdōng', 2),
(675, '房租', 'fángzū', 2),
(676, '放心', 'fàngxīn', 2),
(677, '非常', 'fēicháng', 2),
(678, '飞机', 'fēijī', 2),
(679, '分', 'fēn', 2),
(680, '丰富', 'fēngfù', 2),
(681, '风景', 'fēngjǐng', 2),
(682, '否则', 'fǒuzé', 2),
(683, '复习', 'fùxí', 2),
(684, '复印', 'fùyìn', 2),
(685, '复杂', 'fùzá', 2),
(686, '负责', 'fùzé', 2),
(687, '附近', 'fùjìn', 2),
(688, '父亲', 'fùqīn', 2),
(689, '该', 'gāi', 2),
(690, '改变', 'gǎibiàn', 2),
(691, '改革', 'gǎigé', 2),
(692, '改进', 'gǎijìn', 2),
(693, '改善', 'gǎishàn', 2),
(694, '改正', 'gǎizhèng', 2),
(695, '干净', 'gānjìng', 2),
(696, '干燥', 'gānzào', 2),
(697, '敢', 'gǎn', 2),
(698, '感动', 'gǎndòng', 2),
(699, '感激', 'gǎnjī', 2),
(700, '感觉', 'gǎnjué', 2),
(701, '感谢', 'gǎnxiè', 2),
(702, '感兴趣', 'gǎn xìngqù', 2),
(703, '刚才', 'gāngcái', 2),
(704, '刚好', 'gānghǎo', 2),
(705, '高级', 'gāojí', 2),
(706, '高楼', 'gāolóu', 2),
(707, '高速公路', 'gāosù gōnglù', 2),
(708, '高铁', 'gāotiě', 2),
(709, '搞', 'gǎo', 2),
(710, '告别', 'gàobié', 2),
(711, '各', 'gè', 2),
(712, '各个', 'gègè', 2),
(713, '各位', 'gèwèi', 2),
(714, '个子', 'gèzi', 2),
(715, '工资', 'gōngzī', 2),
(716, '公共汽车', 'gōnggòng qìchē', 2),
(717, '公斤', 'gōngjīn', 2),
(718, '公路', 'gōnglù', 2),
(719, '公园', 'gōngyuán', 2),
(720, '功夫', 'gōngfu', 2),
(721, '共同', 'gòngtóng', 2),
(722, '狗', 'gǒu', 2),
(723, '够', 'gòu', 2),
(724, '购物', 'gòuwù', 2),
(725, '估计', 'gūjì', 2),
(726, '鼓励', 'gǔlì', 2),
(727, '姑娘', 'gūniang', 2),
(728, '故事', 'gùshi', 2),
(729, '故意', 'gùyì', 2),
(730, '顾客', 'gùkè', 2),
(731, '挂', 'guà', 2),
(732, '关键', 'guānjiàn', 2),
(733, '关系', 'guānxì', 2),
(734, '关心', 'guānxīn', 2),
(735, '观察', 'guānchá', 2),
(736, '观点', 'guāndiǎn', 2),
(737, '观念', 'guānniàn', 2),
(738, '观众', 'guānzhòng', 2),
(739, '管理', 'guǎnlǐ', 2),
(740, '广播', 'guǎngbō', 2),
(741, '广告', 'guǎnggào', 2),
(742, '逛', 'guàng', 2),
(743, '规定', 'guīdìng', 2),
(744, '贵', 'guì', 2),
(745, '国籍', 'guójí', 2),
(746, '国际', 'guójì', 2),
(747, '国家', 'guójiā', 2),
(748, '果然', 'guǒrán', 2),
(749, '果汁', 'guǒzhī', 2),
(750, '过', 'guò', 2),
(751, '过程', 'guòchéng', 2),
(752, '过去', 'guòqu', 2),
(753, '哈', 'hā', 2),
(754, '还', 'hái', 2),
(755, '还是', 'háishi', 2),
(756, '还有', 'háiyǒu', 2),
(757, '海', 'hǎi', 2),
(758, '海边', 'hǎibiān', 2),
(759, '海鲜', 'hǎixiān', 2),
(760, '害羞', 'hàixiū', 2),
(761, '喊', 'hǎn', 2),
(762, '汗', 'hàn', 2),
(763, '汉语', 'hànyǔ', 2),
(764, '汉字', 'hànzì', 2),
(765, '航班', 'hángbān', 2),
(766, '好', 'hǎo', 2),
(767, '好吃', 'hǎochī', 2),
(768, '好处', 'hǎochù', 2),
(769, '好看', 'hǎokàn', 2),
(770, '好像', 'hǎoxiàng', 2),
(771, '号', 'hào', 2),
(772, '号码', 'hàomǎ', 2),
(773, '喝', 'hē', 2),
(774, '和', 'hé', 2),
(775, '河', 'hé', 2),
(776, '合格', 'hégé', 2),
(777, '合适', 'héshì', 2),
(778, '盒子', 'hézi', 2),
(779, '黑', 'hēi', 2),
(780, '黑色', 'hēisè', 2),
(781, '很', 'hěn', 2),
(782, '红', 'hóng', 2),
(783, '红色', 'hóngsè', 2),
(784, '猴子', 'hóuzi', 2),
(785, '后', 'hòu', 2),
(786, '后边', 'hòubiān', 2),
(787, '后天', 'hòutiān', 2),
(788, '后悔', 'hòuhuǐ', 2),
(789, '忽然', 'hūrán', 2),
(790, '护照', 'hùzhào', 2),
(791, '互相', 'hùxiāng', 2),
(792, '花', 'huā', 2),
(793, '花园', 'huāyuán', 2),
(794, '华语', 'huáyǔ', 2),
(795, '画面', 'huàmiàn', 2),
(796, '画儿', 'huà''r', 2),
(797, '坏', 'huài', 2),
(798, '欢迎', 'huānyíng', 2),
(799, '换', 'huàn', 2),
(800, '黄', 'huáng', 2),
(801, '回', 'huí', 2),
(802, '回答', 'huídá', 2),
(803, '回来', 'huílái', 2),
(804, '会', 'huì', 2),
(805, '会议', 'huìyì', 2),
(806, '活动', 'huódòng', 2),
(807, '火', 'huǒ', 2),
(808, '火车站', 'huǒchēzhàn', 2),
(809, '获得', 'huòdé', 2),
(810, '或者', 'huòzhě', 2),
(811, '机会', 'jīhuì', 2),
(812, '基础', 'jīchǔ', 2),
(813, '鸡蛋', 'jīdàn', 2),
(814, '极其', 'jíqí', 2),
(815, '集合', 'jíhé', 2),
(816, '计划', 'jìhuà', 2),
(817, '计算机', 'jìsuànjī', 2),
(818, '记录', 'jìlù', 2),
(819, '记者', 'jìzhě', 2),
(820, '技术', 'jìshù', 2),
(821, '继续', 'jìxù', 2),
(822, '家', 'jiā', 2),
(823, '家具', 'jiājù', 2),
(824, '坚持', 'jiānchí', 2),
(825, '检查', 'jiǎnchá', 2),
(826, '简单', 'jiǎndān', 2),
(827, '见面', 'jiànmiàn', 2),
(828, '健康', 'jiànkāng', 2),
(829, '讲', 'jiǎng', 2),
(830, '奖金', 'jiǎngjīn', 2),
(831, '降落', 'jiàngluò', 2),
(832, '交', 'jiāo', 2),
(833, '交流', 'jiāoliú', 2),
(834, '交通', 'jiāotōng', 2),
(835, '郊区', 'jiāoqū', 2),
(836, '骄傲', 'jiāo''ào', 2),
(837, '角', 'jiǎo', 2),
(838, '脚', 'jiǎo', 2),
(839, '搅拌', 'jiǎobàn', 2),
(840, '教师', 'jiàoshī', 2),
(841, '教授', 'jiàoshòu', 2),
(842, '教育', 'jiàoyù', 2),
(843, '饺子', 'jiǎozi', 2),
(844, '叫', 'jiào', 2),
(845, '接', 'jiē', 2),
(846, '接受', 'jiēshòu', 2),
(847, '街道', 'jiēdào', 2),
(848, '节目', 'jiémù', 2),
(849, '节日', 'jiérì', 2),
(850, '结果', 'jiéguǒ', 2),
(851, '结构', 'jiégòu', 2),
(852, '结合', 'jiéhé', 2),
(853, '结婚', 'jiéhūn', 2),
(854, '结束', 'jiéshù', 2),
(855, '解决', 'jiějué', 2),
(856, '解释', 'jiěshì', 2),
(857, '姐姐', 'jiějie', 2),
(858, '介绍', 'jièshào', 2),
(859, '借', 'jiè', 2),
(860, '斤', 'jīn', 2),
(861, '今后', 'jīnhòu', 2),
(862, '今日', 'jīnrì', 2),
(863, '今年', 'jīnnián', 2),
(864, '今天', 'jīntiān', 2),
(865, '紧张', 'jǐnzhāng', 2),
(866, '近', 'jìn', 2),
(867, '进', 'jìn', 2),
(868, '进步', 'jìnbù', 2),
(869, '进行', 'jìnxíng', 2),
(870, '近来', 'jìnlái', 2),
(871, '禁止', 'jìnzhǐ', 2),
(872, '精彩', 'jīngcǎi', 2),
(873, '精神', 'jīngshén', 2),
(874, '经常', 'jīngcháng', 2),
(875, '经典', 'jīngdiǎn', 2),
(876, '经过', 'jīngguò', 2),
(877, '经济', 'jīngjì', 2),
(878, '经理', 'jīnglǐ', 2),
(879, '经验', 'jīngyàn', 2),
(880, '经营', 'jīngyíng', 2),
(881, '京剧', 'jīngjù', 2),
(882, '警察', 'jǐngchá', 2),
(883, '景色', 'jǐngsè', 2),
(884, '静', 'jìng', 2),
(885, '竞争', 'jìngzhēng', 2),
(886, '竟然', 'jìngrán', 2),
(887, '镜子', 'jìngzi', 2),
(888, '究竟', 'jiūjìng', 2),
(889, '九', 'jiǔ', 2),
(890, '久', 'jiǔ', 2),
(891, '酒', 'jiǔ', 2),
(892, '酒店', 'jiǔdiàn', 2),
(893, '就', 'jiù', 2),
(894, '就要', 'jiùyào', 2),
(895, '举办', 'jǔbàn', 2),
(896, '举行', 'jǔxíng', 2),
(897, '拒绝', 'jùjué', 2),
(898, '距离', 'jùlí', 2),
(899, '句子', 'jùzi', 2),
(900, '决定', 'juédìng', 2),
(901, '咖啡', 'kāfēi', 2),
(902, '卡', 'kǎ', 2),
(903, '开', 'kāi', 2),
(904, '开始', 'kāishǐ', 2),
(905, '开玩笑', 'kāiwánxiào', 2),
(906, '开学', 'kāixué', 2),
(907, '看', 'kàn', 2),
(908, '看见', 'kànjiàn', 2),
(909, '考试', 'kǎoshì', 2),
(910, '棵', 'kē', 2),
(911, '科学', 'kēxué', 2),
(912, '咳嗽', 'késou', 2),
(913, '可能', 'kěnéng', 2),
(914, '可是', 'kěshì', 2),
(915, '可爱', 'kě''ài', 2),
(916, '可以', 'kěyǐ', 2),
(917, '刻', 'kè', 2),
(918, '课', 'kè', 2),
(919, '课本', 'kèběn', 2),
(920, '课文', 'kèwén', 2),
(921, '客气', 'kèqi', 2),
(922, '客人', 'kèrén', 2),
(923, '空气', 'kōngqì', 2),
(924, '空调', 'kōngtiáo', 2),
(925, '口', 'kǒu', 2),
(926, '哭', 'kū', 2),
(927, '苦', 'kǔ', 2),
(928, '裤子', 'kùzi', 2),
(929, '块', 'kuài', 2),
(930, '快', 'kuài', 2),
(931, '快乐', 'kuàilè', 2),
(932, '筷子', 'kuàizi', 2),
(933, '宽', 'kuān', 2),
(934, '矿泉水', 'kuàngquánshuǐ', 2),
(935, '困难', 'kùnnán', 2),
(936, '扩大', 'kuòdà', 2),
(937, '拉', 'lā', 2),
(938, '垃圾桶', 'lājītǒng', 2),
(939, '辣', 'là', 2),
(940, '来', 'lái', 2),
(941, '来不及', 'láibují', 2),
(942, '来得及', 'láidejí', 2),
(943, '蓝', 'lán', 2),
(944, '蓝色', 'lánsè', 2),
(945, '懒', 'lǎn', 2),
(946, '浪费', 'làngfèi', 2),
(947, '老师', 'lǎoshī', 2),
(948, '了', 'le', 2),
(949, '累', 'lèi', 2),
(950, '冷', 'lěng', 2),
(951, '离', 'lí', 2),
(952, '离开', 'líkāi', 2),
(953, '礼物', 'lǐwù', 2),
(954, '里', 'lǐ', 2),
(955, '里边', 'lǐbiān', 2),
(956, '理发', 'lǐfà', 2),
(957, '理解', 'lǐjiě', 2),
(958, '理想', 'lǐxiǎng', 2),
(959, '力气', 'lìqi', 2),
(960, '历史', 'lìshǐ', 2),
(961, '利用', 'lìyòng', 2),
(962, '例如', 'lìrú', 2),
(963, '例子', 'lìzi', 2),
(964, '俩', 'liǎ', 2),
(965, '连', 'lián', 2),
(966, '联系', 'liánxì', 2),
(967, '脸', 'liǎn', 2),
(968, '练习', 'liànxí', 2),
(969, '凉快', 'liángkuai', 2),
(970, '两', 'liǎng', 2),
(971, '亮', 'liàng', 2),
(972, '聊天', 'liáotiān', 2),
(973, '了解', 'liǎojiě', 2),
(974, '邻居', 'línjū', 2),
(975, '零', 'líng', 2),
(976, '零钱', 'língqián', 2),
(977, '另外', 'lìngwài', 2),
(978, '留', 'liú', 2),
(979, '留学生', 'liúxuésheng', 2),
(980, '流', 'liú', 2),
(981, '流利', 'liúlì', 2),
(982, '流行', 'liúxíng', 2),
(983, '六', 'liù', 2),
(984, '楼', 'lóu', 2),
(985, '楼上', 'lóushàng', 2),
(986, '楼下', 'lóuxià', 2),
(987, '路', 'lù', 2),
(988, '路口', 'lùkǒu', 2),
(989, '路上', 'lùshàng', 2),
(990, '旅游', 'lǚyóu', 2),
(991, '绿', 'lǜ', 2),
(992, '绿色', 'lǜsè', 2),
(993, '乱', 'luàn', 2),
(994, '妈妈', 'māma', 2),
(995, '麻烦', 'máfan', 2),
(996, '马', 'mǎ', 2),
(997, '马路', 'mǎlù', 2),
(998, '马上', 'mǎshàng', 2),
(999, '满意', 'mǎnyì', 2),
(1000, '猫', 'māo', 2),
(1001, '毛', 'máo', 2),
(1002, '毛病', 'máobìng', 2),
(1003, '毛笔', 'máobǐ', 2),
(1004, '毛巾', 'máojīn', 2),
(1005, '毛衣', 'máoyī', 2),
(1006, '帽子', 'màozi', 2),
(1007, '没', 'méi', 2),
(1008, '没关系', 'méi guānxi', 2),
(1009, '没什么', 'méi shénme', 2),
(1010, '没事儿', 'méishìr', 2),
(1011, '没有', 'méiyǒu', 2),
(1012, '每', 'měi', 2),
(1013, '每个', 'měigè', 2),
(1014, '美', 'měi', 2),
(1015, '美丽', 'měilì', 2),
(1016, '美食', 'měishí', 2),
(1017, '美术', 'měishù', 2),
(1018, '门', 'mén', 2),
(1019, '门口', 'ménkǒu', 2),
(1020, '门票', 'ménpiào', 2),
(1021, '们', 'men', 2),
(1022, '米', 'mǐ', 2),
(1023, '米饭', 'mǐfàn', 2),
(1024, '面', 'miàn', 2),
(1025, '面包', 'miànbāo', 2),
(1026, '面对', 'miànduì', 2),
(1027, '面积', 'miànjī', 2),
(1028, '面临', 'miànlín', 2),
(1029, '面条儿', 'miàntiáor', 2),
(1030, '描写', 'miáoxiě', 2),
(1031, '秒', 'miǎo', 2),
(1032, '民族', 'mínzú', 2),
(1033, '明白', 'míngbai', 2),
(1034, '明确', 'míngquè', 2),
(1035, '明年', 'míngnián', 2),
(1036, '明天', 'míngtiān', 2),
(1037, '明显', 'míngxiǎn', 2),
(1038, '明星', 'míngxīng', 2),
(1039, '名字', 'míngzi', 2),
(1040, '命', 'mìng', 2),
(1041, '命令', 'mìnglìng', 2),
(1042, '摸', 'mō', 2),
(1043, '模仿', 'mófǎng', 2),
(1044, '模糊', 'móhu', 2),
(1045, '摩托车', 'mótuōchē', 2),
(1046, '陌生', 'mòshēng', 2),
(1047, '某', 'mǒu', 2),
(1048, '目标', 'mùbiāo', 2),
(1049, '目的', 'mùdì', 2),
(1050, '目录', 'mùlù', 2),
(1051, '目前', 'mùqián', 2),
(1052, '木头', 'mùtou', 2),
(1053, '拿', 'ná', 2),
(1054, '哪', 'nǎ', 2),
(1055, '哪里', 'nǎlǐ', 2),
(1056, '哪儿', 'nǎr', 2),
(1057, '哪些', 'nǎxiē', 2),
(1058, '那', 'nà', 2),
(1059, '那边', 'nàbiān', 2),
(1060, '那里', 'nàlǐ', 2),
(1061, '那儿', 'nàr', 2),
(1062, '那些', 'nàxiē', 2),
(1063, '那样', 'nàyàng', 2),
(1064, '奶', 'nǎi', 2),
(1065, '奶奶', 'nǎinai', 2),
(1066, '耐心', 'nàixīn', 2),
(1067, '南', 'nán', 2),
(1068, '南边', 'nánbiān', 2),
(1069, '难', 'nán', 2),
(1070, '难道', 'nándào', 2),
(1071, '难过', 'nánguò', 2),
(1072, '难看', 'nánkàn', 2),
(1073, '难受', 'nánshòu', 2),
(1074, '难怪', 'nánguài', 2),
(1075, '难得', 'nándé', 2),
(1076, '难免', 'nánmiǎn', 2),
(1077, '男', 'nán', 2),
(1078, '男孩儿', 'nánháir', 2),
(1079, '男人', 'nánrén', 2),
(1080, '男生', 'nánshēng', 2),
(1081, '脑子', 'nǎozi', 2),
(1082, '闹', 'nào', 2),
(1083, '呢', 'ne', 2),
(1084, '内', 'nèi', 2),
(1085, '内容', 'nèiróng', 2),
(1086, '能', 'néng', 2),
(1087, '能力', 'nénglì', 2),
(1088, '能够', 'nénggòu', 2),
(1089, '你', 'nǐ', 2),
(1090, '你们', 'nǐmen', 2),
(1091, '年', 'nián', 2),
(1092, '年代', 'niándài', 2),
(1093, '年级', 'niánjí', 2),
(1094, '年纪', 'niánjì', 2),
(1095, '年轻', 'niánqīng', 2),
(1096, '鸟', 'niǎo', 2),
(1097, '您', 'nín', 2),
(1098, '牛', 'niú', 2),
(1099, '牛奶', 'niúnǎi', 2),
(1100, '弄', 'nòng', 2),
(1101, '努力', 'nǔlì', 2),
(1102, '暖和', 'nuǎnhuo', 2),
(1103, '偶尔', 'ǒu''ěr', 2),
(1104, '爬山', 'páshān', 2),
(1105, '拍', 'pāi', 2),
(1106, '排队', 'páiduì', 2),
(1107, '排球', 'páiqiú', 2),
(1108, '派', 'pài', 2),
(1109, '盘子', 'pánzi', 2),
(1110, '跑步', 'pǎobù', 2),
(1111, '陪', 'péi', 2),
(1112, '朋友', 'péngyou', 2),
(1113, '便宜', 'piányi', 2),
(1114, '骗', 'piàn', 2),
(1115, '票', 'piào', 2),
(1116, '漂亮', 'piàoliang', 2),
(1117, '乒乓球', 'pīngpāngqiú', 2),
(1118, '苹果', 'píngguǒ', 2),
(1119, '平时', 'píngshí', 2),
(1120, '瓶子', 'píngzi', 2),
(1121, '破', 'pò', 2),
(1122, '葡萄', 'pútáo', 2),
(1123, '普通', 'pǔtōng', 2),
(1124, '普通话', 'pǔtōnghuà', 2),
(1125, '七', 'qī', 2),
(1126, '妻子', 'qīzi', 2),
(1127, '骑', 'qí', 2),
(1128, '奇怪', 'qíguài', 2),
(1129, '起', 'qǐ', 2),
(1130, '起床', 'qǐchuáng', 2),
(1131, '起来', 'qǐlái', 2),
(1132, '气候', 'qìhòu', 2),
(1133, '气球', 'qìqiú', 2),
(1134, '汽车', 'qìchē', 2),
(1135, '汽水', 'qìshuǐ', 2),
(1136, '铅笔', 'qiānbǐ', 2),
(1137, '千', 'qiān', 2),
(1138, '钱', 'qián', 2),
(1139, '钱包', 'qiánbāo', 2),
(1140, '前', 'qián', 2),
(1141, '前边', 'qiánbian', 2),
(1142, '前天', 'qiántiān', 2),
(1143, '浅', 'qiǎn', 2),
(1144, '桥', 'qiáo', 2),
(1145, '巧克力', 'qiǎokèlì', 2),
(1146, '亲切', 'qīnqiè', 2),
(1147, '亲戚', 'qīnqi', 2),
(1148, '轻', 'qīng', 2),
(1149, '轻松', 'qīngsōng', 2),
(1150, '清楚', 'qīngchu', 2),
(1151, '晴', 'qíng', 2),
(1152, '晴天', 'qíngtiān', 2),
(1153, '情况', 'qíngkuàng', 2),
(1154, '请', 'qǐng', 2),
(1155, '请假', 'qǐngjià', 2),
(1156, '请进', 'qǐngjìn', 2),
(1157, '请客', 'qǐngkè', 2),
(1158, '请问', 'qǐngwèn', 2),
(1159, '请坐', 'qǐngzuò', 2),
(1160, '庆祝', 'qìngzhù', 2),
(1161, '球', 'qiú', 2),
(1162, '球鞋', 'qiúxié', 2),
(1163, '去', 'qù', 2),
(1164, '去年', 'qùnián', 2),
(1165, '全部', 'quánbù', 2),
(1166, '全家', 'quánjiā', 2),
(1167, '全年', 'quánnián', 2),
(1168, '全身', 'quánshēn', 2),
(1169, '全天', 'quántiān', 2),
(1170, '缺点', 'quēdiǎn', 2),
(1171, '却', 'què', 2),
(1172, '确实', 'quèshí', 2),
(1173, '群', 'qún', 2),
(1174, '裙子', 'qúnzi', 2),
(1175, '让', 'ràng', 2),
(1176, '热', 'rè', 2),
(1177, '热闹', 'rènao', 2),
(1178, '热情', 'rèqíng', 2),
(1179, '人', 'rén', 2),
(1180, '人口', 'rénkǒu', 2),
(1181, '人们', 'rénmen', 2),
(1182, '人民币', 'rénmínbì', 2),
(1183, '人生', 'rénshēng', 2),
(1184, '人数', 'rénshù', 2),
(1185, '认识', 'rènshi', 2),
(1186, '认为', 'rènwéi', 2),
(1187, '认真', 'rènzhēn', 2),
(1188, '日', 'rì', 2),
(1189, '日报', 'rìbào', 2),
(1190, '日记', 'rìjì', 2),
(1191, '日期', 'rìqī', 2),
(1192, '日用品', 'rìyòngpǐn', 2),
(1193, '容易', 'róngyì', 2),
(1194, '绒毛', 'róngmáo', 2),
(1195, '肉', 'ròu', 2),
(1196, '三', 'sān', 2),
(1197, '伞', 'sǎn', 2),
(1198, '散步', 'sànbù', 2),
(1199, '嗓子', 'sǎngzi', 2),
(1200, '森林', 'sēnlín', 2),
(1201, '沙发', 'shāfā', 2),
(1202, '杀', 'shā', 2),
(1203, '晒', 'shài', 2),
(1204, '山', 'shān', 2),
(1205, '闪电', 'shǎndiàn', 2),
(1206, '扇子', 'shànzi', 2),
(1207, '善良', 'shànliáng', 2),
(1208, '善于', 'shànyú', 2),
(1209, '伤害', 'shānghài', 2),
(1210, '商品', 'shāngpǐn', 2),
(1211, '商业', 'shāngyè', 2),
(1212, '上', 'shàng', 2),
(1213, '上班', 'shàngbān', 2),
(1214, '上当', 'shàngdàng', 2),
(1215, '上网', 'shàngwǎng', 2),
(1216, '上午', 'shàngwǔ', 2),
(1217, '稍微', 'shāowēi', 2),
(1218, '少', 'shǎo', 2),
(1219, '蛇', 'shé', 2),
(1220, '舌头', 'shétou', 2),
(1221, '社会', 'shèhuì', 2),
(1222, '舍不得', 'shěbude', 2),
(1223, '设备', 'shèbèi', 2),
(1224, '设计', 'shèjì', 2),
(1225, '设施', 'shèshī', 2),
(1226, '身体', 'shēntǐ', 2),
(1227, '深', 'shēn', 2),
(1228, '甚至', 'shènzhì', 2),
(1229, '升', 'shēng', 2),
(1230, '生词', 'shēngcí', 2),
(1231, '生活', 'shēnghuó', 2),
(1232, '生命', 'shēngmìng', 2),
(1233, '生日', 'shēngrì', 2),
(1234, '声音', 'shēngyīn', 2),
(1235, '省', 'shěng', 2),
(1236, '剩', 'shèng', 2),
(1237, '失败', 'shībài', 2),
(1238, '失望', 'shīwàng', 2),
(1239, '师傅', 'shīfu', 2),
(1240, '湿', 'shī', 2),
(1241, '狮子', 'shīzi', 2),
(1242, '十', 'shí', 2),
(1243, '十分', 'shífēn', 2),
(1244, '时代', 'shídài', 2),
(1245, '时候', 'shíhou', 2),
(1246, '时间', 'shíjiān', 2),
(1247, '实际', 'shíjì', 2),
(1248, '实习', 'shíxí', 2),
(1249, '实现', 'shíxiàn', 2),
(1250, '实行', 'shíxíng', 2),
(1251, '实验', 'shíyàn', 2),
(1252, '食物', 'shíwù', 2),
(1253, '食堂', 'shítáng', 2),
(1254, '使用', 'shǐyòng', 2),
(1255, '是', 'shì', 2),
(1256, '市场', 'shìchǎng', 2),
(1257, '事情', 'shìqing', 2),
(1258, '手', 'shǒu', 2),
(1259, '手机', 'shǒujī', 2),
(1260, '手表', 'shǒubiǎo', 2),
(1261, '书', 'shū', 2),
(1262, '舒服', 'shūfu', 2),
(1263, '熟', 'shú', 2),
(1264, '树', 'shù', 2),
(1265, '数学', 'shùxué', 2),
(1266, '刷牙', 'shuāyá', 2),
(1267, '水', 'shuǐ', 2),
(1268, '水果', 'shuǐguǒ', 2),
(1269, '睡', 'shuì', 2),
(1270, '睡觉', 'shuìjiào', 2),
(1271, '说', 'shuō', 2),
(1272, '做', 'zuò', 2);

INSERT INTO examples (id, word_id, hanzi, pinyin) VALUES 
(501, 501, '他来了啊。', 'Tā lái le a.'),
(502, 502, '这是一个爱情故事。', 'Zhè shì yí gè àiqíng gùshì.'),
(503, 503, '她是我的爱人。', 'Tā shì wǒ de àirén.'),
(504, 504, '请安静。', 'Qǐng ānjìng.'),
(505, 505, '这儿很安全。', 'Zhèr hěn ānquán.'),
(506, 506, '我喜欢白色。', 'Wǒ xǐhuān báisè.'),
(507, 507, '他是我们的班长。', 'Tā shì wǒmen de bānzhǎng.'),
(508, 508, '怎么办？', 'Zěnme bàn?'),
(509, 509, '我有一个办法。', 'Wǒ yǒu yí gè bànfǎ.'),
(510, 510, '他在办公室。', 'Tā zài bàngōngshì.'),
(511, 511, '现在是半夜。', 'Xiànzài shì bànyè.'),
(512, 512, '谢谢你的帮助。', 'Xièxie nǐ de bāngzhù.'),
(513, 513, '我吃饱了。', 'Wǒ chī bǎo le.'),
(514, 514, '我看报纸。', 'Wǒ kàn bàozhǐ.'),
(515, 515, '他住在北方。', 'Tā zhù zài běifāng.'),
(516, 516, '他的背疼。', 'Tā de bèi téng.'),
(517, 517, '他在我背后。', 'Tā zài wǒ bèihòu.'),
(518, 518, '苹果被他吃了。', 'Píngguǒ bèi tā chī le.'),
(519, 519, '我本来不想去。', 'Wǒ běnlái bù xiǎng qù.'),
(520, 520, '这是我的本子。', 'Zhè shì wǒ de běnzi.'),
(521, 521, '他不笨。', 'Tā bú bèn.'),
(522, 522, '今天比较冷。', 'Jīntiān bǐjiào lěng.'),
(523, 523, '看足球比赛。', 'Kàn zúqiú bǐsài.'),
(524, 524, '记笔记。', 'Jì bǐjì.'),
(525, 525, '我买了一个笔记本。', 'Wǒ mǎile yí gè bǐjìběn.'),
(526, 526, '他大学毕业了。', 'Tā dàxué bìyè le.'),
(527, 527, '这里的变化很大。', 'Zhèlǐ de biànhuà hěn dà.'),
(528, 528, '请再说一遍。', 'Qǐng zài shuō yí biàn.'),
(529, 529, '他的汉语很标准。', 'Tā de Hànyǔ hěn biāozhǔn.'),
(530, 530, '表达我的爱。', 'Biǎodá wǒ de ài.'),
(531, 531, '填写表格。', 'Tiánxiě biǎogé.'),
(532, 532, '表示感谢。', 'Biǎoshì gǎnxiè.'),
(533, 533, '看表演。', 'Kàn biǎoyǎn.'),
(534, 534, '老师表扬了我。', 'Lǎoshī biǎoyángle wǒ.'),
(535, 535, '我有别的东西。', 'Wǒ yǒu bié de dōngxi.'),
(536, 536, '这是别人的书。', 'Zhè shì biérén de shū.'),
(537, 537, '别提了，我很忙。', 'Bié tí le, wǒ hěn máng.'),
(538, 538, '我想吃冰激凌。', 'Wǒ xiǎng chī bīngjīlíng.'),
(539, 539, '冰箱里有水。', 'Bīngxiāng lǐ yǒu shuǐ.'),
(540, 540, '吃饼干。', 'Chī bǐnggān.'),
(541, 541, '他不不但学习，而且工作。', 'Tā búdàn xuéxí, érqiě gōngzuò.'),
(542, 542, '我不得不去。', 'Wǒ bùdébù qù.'),
(543, 543, '不管怎么样，我都要去。', 'Bùguǎn zěnmeyàng, wǒ dōu yào qù.'),
(544, 544, '他很好，不过很忙。', 'Tā hěn hǎo, búguò hěn máng.'),
(545, 545, '不好意思，我来晚了。', 'Bù hǎoyìsi, wǒ lái wǎn le.'),
(546, 546, '不久以后。', 'Bùjiǔ yǐhòu.'),
(547, 547, '他很不满。', 'Tā hěn bùmǎn.'),
(548, 548, '快点，不然晚了。', 'Kuài diǎn, bùrán wǎn le.'),
(549, 549, '我不如他。', 'Wǒ bùrú tā.'),
(550, 550, '他们不同。', 'Tāmen bùtóng.'),
(551, 551, '不用谢。', 'Búyòng xiè.'),
(552, 552, '一部分。', 'Yí bùfen.'),
(553, 553, '擦桌子。', 'Cā zhuōzi.'),
(554, 554, '你猜猜。', 'Nǐ cāicāi.'),
(555, 555, '他才来。', 'Tā cái lái.'),
(556, 556, '准备材料。', 'Zhǔnbèi cáiliào.'),
(557, 557, '请给我菜单。', 'Qǐng gěi wǒ càidān.'),
(558, 558, '参观工厂。', 'Cānguān gōngchǎng.'),
(559, 559, '参加比赛。', 'Cānjiā bǐsài.'),
(560, 560, '草绿了。', 'Cǎo lǜ le.'),
(561, 561, '坐在草地上。', 'Zuò zài cǎodì shàng.'),
(562, 562, '三层楼。', 'Sān céng lóu.'),
(563, 563, '去茶馆喝茶。', 'Qù cháguǎn hē chá.'),
(564, 564, '买茶叶。', 'Mǎi cháyè.'),
(565, 565, '这条路很长。', 'Zhè tiáo lù hěn cháng.'),
(566, 566, '去长城。', 'Qù chángchéng.'),
(567, 567, '长江是中国最长的河。', 'Chángjiāng shì Zhōngguó zuì cháng de hé.'),
(568, 568, '足球场。', 'Zúqiú chǎng.'),
(569, 569, '她唱歌很好听。', 'Tā chànggē hěn hǎotīng.'),
(570, 570, '抄写生词。', 'Chāoxiě shēngcí.'),
(571, 571, '超过了一小时。', 'Chāoguòle yì xiǎoshí.'),
(572, 572, '超级英雄。', 'Chāojí yīngxióng.'),
(573, 573, '去超级市场买菜。', 'Qù chāojí shìchǎng mǎi cài.'),
(574, 574, '外面很吵。', 'Wàimiàn hěn chǎo.'),
(575, 575, '一件白衬衫。', 'Yí jiàn bái chènshān.'),
(576, 576, '他成功了。', 'Tā chénggōng le.'),
(577, 577, '他的成绩很好。', 'Tā de chéngjì hěn hǎo.'),
(578, 578, '成人门票。', 'Chéngrén ménpiào.'),
(579, 579, '这是一座大城市。', 'Zhè shì yí zuò dà chéngshì.'),
(580, 580, '乘坐飞机。', 'Chéngzuò fēijī.'),
(581, 581, '我很吃惊。', 'Wǒ hěn chījīng.'),
(582, 582, '别迟到。', 'Bié chídào.'),
(583, 583, '抽屉里有钱。', 'Chōuti lǐ yǒu qián.'),
(584, 584, '这儿不能抽烟。', 'Zhèr bùnéng chōuyān.'),
(585, 585, '他去北京出差了。', 'Tā qù Běijīng chūchāi le.'),
(586, 586, '我们要出发了。', 'Wǒmen yào chūfā le.'),
(587, 587, '他出生在北京。', 'Tā chūshēng zài Běijīng.'),
(588, 588, '月亮出现了。', 'Yuèliang chūxiàn le.'),
(589, 589, '她在厨房做饭。', 'Tā zài chúfáng zuòfàn.'),
(590, 590, '除了他，大家都来了。', 'Chúle tā, dàjiā dōu lái le.'),
(591, 591, '穿过马路。', 'Chuānguò mǎlù.'),
(592, 592, '请开窗户。', 'Qǐng kāi chuānghu.'),
(593, 593, '拉上窗帘。', 'Lāshàng chuānglián.'),
(594, 594, '闯红灯。', 'Chuǎng hóngdēng.'),
(595, 595, '吹蜡烛。', 'Chuī làzhú.'),
(596, 596, '春天很暖和。', 'Chūntiān hěn nuǎnhuo.'),
(597, 597, '听磁带。', 'Tīng cídài.'),
(598, 598, '查词典。', 'Chá cídiǎn.'),
(599, 599, '学习词语。', 'Xuéxí cíyǔ.'),
(600, 600, '他很聪明。', 'Tā hěn cōngming.'),
(601, 601, '我从来不抽烟。', 'Wǒ cónglái bù chōuyān.'),
(602, 602, '他办事很粗心。', 'Tā bànshì hěn cūxīn.'),
(603, 603, '我知道答案。', 'Wǒ zhīdào dá''àn.'),
(604, 604, '她打扮得很漂亮。', 'Tā dǎban de hěn piàoliang.'),
(605, 605, '打扫房间。', 'Dǎsǎo fángjiān.'),
(606, 606, '你明天有什么打算？', 'Nǐ míngtiān yǒu shénme dǎsuàn?'),
(607, 607, '他在饭店打工。', 'Tā zài fàndiàn dǎgōng.'),
(608, 608, '商店打折。', 'Shāngdiàn dǎzhé.'),
(609, 609, '医生给他打针。', 'Yīshēng gěi tā dǎzhēn.'),
(610, 610, '他大概不来了。', 'Tā dàgài bù lái le.'),
(611, 611, '我去大使馆。', 'Wǒ qù dàshǐguǎn.'),
(612, 612, '大约十点。', 'Dàyuē shí diǎn.'),
(613, 613, '大家好。', 'Dàjiā hǎo.'),
(614, 614, '我没带钱。', 'Wǒ méi dài qián.'),
(615, 615, '戴眼镜。', 'Dài yǎnjìng.'),
(616, 616, '他代表我们。', 'Tā dàibiǎo wǒmen.'),
(617, 617, '谁能代替他？', 'Shéi néng dàitì tā?'),
(618, 618, '大夫，谢谢您。', 'Dàifu, xièxie nín.'),
(619, 619, '别担心。', 'Bié dānxīn.'),
(620, 620, '买蛋糕。', 'Mǎi dàngāo.'),
(621, 621, '当老师。', 'Dāng lǎoshī.'),
(622, 622, '我当然知道。', 'Wǒ dāngrán zhīdào.'),
(623, 623, '当时我不在这儿。', 'Dāngshí wǒ bù zài zhèr.'),
(624, 624, '在水当中。', 'Zài shuǐ dāngzhōng.'),
(625, 625, '到处都是人。', 'Dàochù dōu shì rén.'),
(626, 626, '到底是怎么回事？', 'Dàodǐ shì zěnme huí shì?'),
(627, 627, '向他道歉。', 'Xiàng tā dàoqiàn.'),
(628, 628, '他很得意。', 'Tā hěn déyì.'),
(629, 629, '做得好。', 'Zuò de hǎo.'),
(630, 630, '这是我的登机牌。', 'Zhè shì wǒ de dēngjīpái.'),
(631, 631, '水果、包子等。', 'Shuǐguǒ, bāozi děng.'),
(632, 632, '声音太低。', 'Shēngyīn tài dī.'),
(633, 633, '年底。', 'Niándǐ.'),
(634, 634, '坐地跌。', 'Zuò dìtiě.'),
(635, 635, '请写下地址。', 'Qǐng xiě xià dìzhǐ.'),
(636, 636, '第一名。', 'Dìyī míng.'),
(637, 637, '吃点心。', 'Chī diǎnxin.'),
(638, 638, '换电池。', 'Huàn diànchí.'),
(639, 639, '坐电梯。', 'Zuò diàntī.'),
(640, 640, '电子词典。', 'Diànzǐ cídiǎn.'),
(641, 641, '我们在调查。', 'Wǒmen zài diàochá.'),
(642, 642, '我的钱包丢了。', 'Wǒ de qiánbāo diū le.'),
(643, 643, '冬天很冷。', 'Dōngtiān hěn lěng.'),
(644, 644, '你懂吗？', 'Nǐ dǒng ma?'),
(645, 645, '可爱的小动物。', 'Kě''ài de xiǎo dòngwù.'),
(646, 646, '去动物园。', 'Qù dòngwùyuán.'),
(647, 647, '他的动作很快。', 'Tā de dòngzuò hěn kuài.'),
(648, 648, '肚子疼。', 'Dùzi téng.'),
(649, 649, '一段话。', 'Yí duàn huà.'),
(650, 650, '绳子断了。', 'Shéngzi duàn le.'),
(651, 651, '对我好。', 'Duì wǒ hǎo.'),
(652, 652, '学生对话。', 'Xuésheng duìhuà.'),
(653, 653, '在商店对面。', 'Zài shāngdiàn duìmiàn.'),
(654, 654, '一顿饭。', 'Yí dùn fàn.'),
(655, 655, '多么漂亮。', 'Duōme piàoliang.'),
(656, 656, '多少钱？', 'Duōshao qián?'),
(657, 657, '儿童公园。', 'Értóng gōngyuán.'),
(658, 658, '发邮件。', 'Fā yóujiàn.'),
(659, 659, '他发烧了。', 'Tā fāshāo le.'),
(660, 660, '发生了什么？', 'Fāshēngle shénme?'),
(661, 661, '我发现他在那儿。', 'Wǒ fāxiàn tā zài nàr.'),
(662, 662, '遵守法律。', 'Zūnshǒu fǎlǜ.'),
(663, 663, '去法院。', 'Qù fǎyuàn.'),
(664, 664, '他是翻译。', 'Tā shì fānyì.'),
(665, 665, '别为这事烦恼。', 'Bié wèi zhè shì fánnǎo.'),
(666, 666, '我不反对。', 'Wǒ bù fǎnduì.'),
(667, 667, '他的反应很快。', 'Tā de fǎnyìng hěn kuài.'),
(668, 668, '去饭馆吃饭。', 'Qù fànguǎn chīfàn.'),
(669, 669, '在很大范围。', 'Zài hěn dà fànwéi.'),
(670, 670, '这儿很方便。', 'Zhèr hěn fāngbiàn.'),
(671, 671, '学学习方法。', 'Xué xuéxí fāngfǎ.'),
(672, 672, '在很多方面。', 'Zài hěnduō fāngmiàn.'),
(673, 673, '找方向。', 'Zhǎo fāngxiàng.'),
(674, 674, '给房东房租。', 'Gěi fángdōng fángzū.'),
(675, 675, '房租太贵。', 'Fángzū tài guì.'),
(676, 676, '请放心。', 'Qǐng fàngxīn.'),
(677, 677, '他非常聪明。', 'Tā fēicháng cōngming.'),
(678, 678, '坐飞机。', 'Zuò fēijī.'),
(679, 679, '三点十分。', 'Sān diǎn shí fēn.'),
(680, 680, '经验丰富。', 'Jīngyàn fēngfù.'),
(681, 681, '这里的风景真美。', 'Zhèlǐ de fēngjǐng zhēn měi.'),
(682, 682, '快点，否则晚了。', 'Kuài diǎn, fǒuzé wǎn le.'),
(683, 683, '复习课文。', 'Fùxí kèwén.'),
(684, 684, '复印资料。', 'Fùyìn zīliào.'),
(685, 685, '这个问题很复杂。', 'Zhège wèntí hěn fùzá.'),
(686, 686, '他很负责。', 'Tā hěn fùzé.'),
(687, 687, '他家在附近。', 'Tājiā zài fùjìn.'),
(688, 688, '我爱我的父亲。', 'Wǒ ài wǒ de fùqīn.'),
(689, 689, '该睡觉了。', 'Gāi shuìjiào le.'),
(690, 690, '改变主意。', 'Gǎibiàn zhǔyi.'),
(691, 691, '社会改革。', 'Shèhuì gǎigé.'),
(692, 692, '改进方法。', 'Gǎijìn fāngfǎ.'),
(693, 693, '改善生活。', 'Gǎishàn shēnghuó.'),
(694, 694, '改正错误。', 'Gǎizhèng cuòwù.'),
(695, 695, '打扫得很干净。', 'Dǎsǎo de hěn gānjìng.'),
(696, 696, '天气很干燥。', 'Tiānqì hěn gānzào.'),
(697, 697, '他不敢去。', 'Tā bù gǎn qù.'),
(698, 698, '我很感动。', 'Wǒ hěn gǎndòng.'),
(699, 699, '非常感激你。', 'Fēicháng gǎnjī nǐ.'),
(700, 700, '我感觉很累。', 'Wǒ gǎnjué hěn lèi.'),
(701, 701, '非常感谢你。', 'Fēicháng gǎnxiè nǐ.'),
(702, 702, '我对汉语感兴趣。', 'Wǒ duì Hànyǔ gǎn xìngqù.'),
(703, 703, '刚才谁来了？', 'Gāngcái shéi lái le?'),
(704, 704, '不多不少，刚好。', 'Bù duō bù shǎo, gānghǎo.'),
(705, 705, '高级饭店。', 'Gāojí fàndiàn.'),
(706, 706, '城市里有很多高楼。', 'Chéngshì lǐ yǒu hěnduō gāolóu.'),
(707, 707, '走高速公路。', 'Zǒu gāosù gōnglù.'),
(708, 708, '坐高铁去上海。', 'Zuò gāotiě qù Shànghǎi.'),
(709, 709, '你在搞什么？', 'Nǐ zài gǎo shénme?'),
(710, 710, '向大家告别。', 'Xiàng dàjiā gàobié.'),
(711, 711, '各人有各人的看法。', 'Gèrén yǒu gèrén de kànfǎ.'),
(712, 712, '各个地方。', 'Gègè dìfang.'),
(713, 713, '各位老师，你们好。', 'Gèwèi lǎoshī, nǐmen hǎo.'),
(714, 714, '他的个子很高。', 'Tā de gèzi hěn gāo.'),
(715, 715, '发工资了。', 'Fā gōngzī le.'),
(716, 716, '坐公共汽车。', 'Zuò gōnggòng qìchē.'),
(717, 717, '三公斤苹果。', 'Sān gōngjīn píngguǒ.'),
(718, 718, '公路很宽。', 'Gōnglù hěn kuān.'),
(719, 719, '去公园玩儿。', 'Qù gōngyuán wánr.'),
(720, 720, '中国功夫。', 'Zhōngguó gōngfu.'),
(721, 721, '共同努力。', 'Gòngtóng nǔlì.'),
(722, 722, '我家有一只狗。', 'Wǒjiā yǒu yì zhī gǒu.'),
(723, 723, '钱够了。', 'Qián gòu le.'),
(724, 724, '去商店购物。', 'Qù shāngdiàn gòuwù.'),
(725, 725, '我估计他会来。', 'Wǒ gūjì tā huì lái.'),
(726, 726, '老师鼓励我。', 'Lǎoshī gǔlì wǒ.'),
(727, 727, '那个姑娘很漂亮。', 'Nàge gūniang hěn piàoliang.'),
(728, 728, '听故事。', 'Tīng gùshi.'),
(729, 729, '他不是故意的。', 'Tā bú shì gùyì de.'),
(730, 730, '商店里有很多顾客。', 'Shāngdiàn lǐ yǒu hěnduō gùkè.'),
(731, 731, '把画挂在墙上。', 'Bǎ huà guà zài qiáng shàng.'),
(732, 732, '这是关键问题。', 'Zhè shì guānjiàn wèntí.'),
(733, 733, '没关系。', 'Méiguānxì.'),
(734, 734, '多关心父母。', 'Duō guānxīn fùmǔ.'),
(735, 735, '观察植物。', 'Guānchá zhíwù.'),
(736, 736, '我的观点不同。', 'Wǒ de guāndiǎn bùtóng.'),
(737, 737, '传统观念。', 'Chuántǒng guānniàn.'),
(738, 738, '观众很多。', 'Guānzhòng hěnduō.'),
(739, 739, '管理公司。', 'Guǎnlǐ gōngsī.'),
(740, 740, '听广播。', 'Tīng guǎngbō.'),
(741, 741, '看广告。', 'Kàn guǎnggào.'),
(742, 742, '逛商店。', 'Guàng shāngdiàn.'),
(743, 743, '遵守规定。', 'Zūnshǒu guīdìng.'),
(744, 744, '太贵了。', 'Tài guì le.'),
(745, 745, '你的国籍是什么？', 'Nǐ de guójí shì shénme?'),
(746, 746, '国际机场。', 'Guójì jīchǎng.'),
(747, 747, '我爱我的国家。', 'Wǒ ài wǒ de guójiā.'),
(748, 748, '果然是他。', 'Guǒrán shì tā.'),
(749, 749, '喝果汁。', 'Hē guǒzhī.'),
(750, 750, '过生日。', 'Guò shēngrì.'),
(751, 751, '学习的过程。', 'Xuéxí de guòchéng.'),
(752, 752, '过去的事。', 'Guòqu de shì.'),
(753, 753, '哈哈大笑。', 'Hāhā dà xiào.'),
(754, 754, '他还在这儿。', 'Tā hái zài zhèr.'),
(755, 755, '苹果还是西瓜？', 'Píngguǒ háishi xīguā?'),
(756, 756, '还有谁？', 'Háiyǒu shéi?'),
(757, 757, '大海。', 'Dàhǎi.'),
(758, 758, '去海边。', 'Qù hǎibiān.'),
(759, 759, '我喜欢吃海鲜。', 'Wǒ xǐhuān chī hǎixiān.'),
(760, 760, '她很害羞。', 'Tā hěn hàixiū.'),
(761, 761, '大声喊。', 'Dàshēng hǎn.'),
(762, 762, '流汗了。', 'Liúhàn le.'),
(763, 763, '说汉语。', 'Shuō hànyǔ.'),
(764, 764, '写汉字。', 'Xiě hànzì.'),
(765, 765, '我的航班是明天。', 'Wǒ de hángbān shì míngtiān.'),
(766, 766, '好漂亮。', 'Hǎo piàoliang.'),
(767, 767, '包子很好吃。', 'Bāozi hěn hǎochī.'),
(768, 768, '喝水有好处。', 'Hēshuǐ yǒu hǎochù.'),
(769, 769, '这件衣服好看。', 'Zhè jiàn yīfu hǎokàn.'),
(770, 770, '好像在下雨。', 'Hǎoxiàng zài xiàyǔ.'),
(771, 771, '今天是五号。', 'Jīntiān shì wǔ hào.'),
(772, 772, '电话号码是多少？', 'Diànhuà hàomǎ shì duōshao?'),
(773, 773, '我想喝茶。', 'Wǒ xiǎng hē chá.'),
(774, 774, '我和你一起去。', 'Wǒ hé nǐ yìqǐ qù.'),
(775, 775, '这条河很长。', 'Zhè tiáo hé hěn cháng.'),
(776, 776, '产品合格。', 'Chǎnpǐn hégé.'),
(777, 777, '这件衣服很合适。', 'Zhè jiàn yīfu hěn héshì.'),
(778, 778, '把书放在盒子里。', 'Bǎ shū fàng zài hézi lǐ.'),
(779, 779, '天黑了。', 'Tiān hēi le.'),
(780, 780, '我喜欢黑色。', 'Wǒ xǐhuān hēisè.'),
(781, 781, '他很高。', 'Tā hěn gāo.'),
(782, 782, '花儿很红。', 'Huā''r hěn hóng.'),
(783, 783, '红色好看。', 'Hóngsè hǎokàn.'),
(784, 784, '树上有猴子。', 'Shù shàng yǒu hóuzi.'),
(785, 785, '三天后。', 'Sān tiān hòu.'),
(786, 786, '他在后边。', 'Tā zài hòubiān.'),
(787, 787, '后天见。', 'Hòutiān jiàn.'),
(788, 788, '我不后悔。', 'Wǒ bù hòuhuǐ.'),
(789, 789, '忽然下雨了。', 'Hūrán xiàyǔ le.'),
(790, 790, '我的护照。', 'Wǒ de hùzhào.'),
(791, 791, '互相帮助。', 'Hùxiāng bāngzhù.'),
(792, 792, '花钱。', 'Huāqián.'),
(793, 793, '他在花园里。', 'Tā zài huāyuán lǐ.'),
(794, 794, '学华语。', 'Xué huáyǔ.'),
(795, 795, '画面很美。', 'Huàmiàn hěn měi.'),
(796, 796, '一幅画儿。', 'Yì fú huà''r.'),
(797, 797, '电脑坏了。', 'Diànnǎo huài le.'),
(798, 798, '欢迎来到中国。', 'Huānyíng láidào Zhōngguó.'),
(799, 799, '换钱。', 'Huànqián.'),
(800, 800, '黄色的花。', 'Huángsè de huā.'),
(801, 801, '他在回家的路上。', 'Tā zài huí jiā de lùshàng.'),
(802, 802, '请回答我的问题。', 'Qǐng huídá wǒ de wèntí.'),
(803, 803, '他什么时候回来？', 'Tā shénme shíhou huílái?'),
(804, 804, '我会说中文。', 'Wǒ huì shuō Zhōngwén.'),
(805, 805, '我们在开会议。', 'Wǒmen zài kāi huìyì.'),
(806, 806, '课外活动。', 'Kèwài huódòng.'),
(807, 807, '别玩火。', 'Bié wánhuǒ.'),
(808, 808, '火车站很远。', 'Huǒchēzhàn hěn yuǎn.'),
(809, 809, '获得成功。', 'Huòdé chénggōng.'),
(810, 810, '喝茶或者咖啡。', 'Hē chá huòzhě kāfēi.'),
(811, 811, '这是一个好机会。', 'Zhè shì yí gè hǎo jīhuì.'),
(812, 812, '基础知识。', 'Jīchǔ zhīshi.'),
(813, 813, '我想吃鸡蛋。', 'Wǒ xiǎng chī jīdàn.'),
(814, 814, '极其重要。', 'Jíqí zhòngyào.'),
(815, 815, '大家在那儿集合。', 'Dàjiā zài nàr jíhé.'),
(816, 816, '我的计划。', 'Wǒ de jìhuà.'),
(817, 817, '学习计算机。', 'Xuéxí jìsuànjī.'),
(818, 818, '记录生活。', 'Jìlù shēnghuó.'),
(819, 819, '他是记者。', 'Tā shì jìzhě.'),
(820, 820, '技术进步。', 'Jìshù jìnbù.'),
(821, 821, '请继续。', 'Qǐng jìxù.'),
(822, 822, '我回家了。', 'Wǒ huíjiā le.'),
(823, 823, '买家具。', 'Mǎi jiājù.'),
(824, 824, '坚持学习。', 'Jiānchí xuéxí.'),
(825, 825, '检查身体。', 'Jiǎnchá shēntǐ.'),
(826, 826, '这个问题很简单。', 'Zhège wèntí hěn jiǎndān.'),
(827, 827, '我想和你见面。', 'Wǒ xiǎng hé nǐ jiànmiàn.'),
(828, 828, '身体健康。', 'Shēntǐ jiànkāng.'),
(829, 829, '老师在讲课。', 'Lǎoshī zài jiǎngkè.'),
(830, 830, '发奖金了。', 'Fā jiǎngjīn le.'),
(831, 831, '飞机降落了。', 'Fēijī jiàngluò le.'),
(832, 832, '交作业。', 'Jiāo zuòyè.'),
(833, 833, '文化交流。', 'Wénhuà jiāoliú.'),
(834, 834, '交通方便。', 'Jiāotōng fāngbiàn.'),
(835, 835, '他住在郊区。', 'Tā zhù zài jiāoqū.'),
(836, 836, '我不为你骄傲。', 'Wǒ bù wèi nǐ jiāo''ào.'),
(837, 837, '墙角。', 'Qiángjiǎo.'),
(838, 838, '我的脚疼。', 'Wǒ de jiǎo téng.'),
(839, 839, '搅拌咖啡。', 'Jiǎobàn kāfēi.'),
(840, 840, '他是一名教师。', 'Tā shì yì míng jiàoshī.'),
(841, 841, '王教授。', 'Wáng jiàoshòu.'),
(842, 842, '接受教育。', 'Jiēshòu jiàoyù.'),
(843, 843, '吃饺子。', 'Chī jiǎozi.'),
(844, 844, '他叫什么？', 'Tā jiào shénme?'),
(845, 845, '去机场接你。', 'Qù jīchǎng jiē nǐ.'),
(846, 846, '接受礼物。', 'Jiēshòu lǐwù.'),
(847, 847, '这条街道很漂亮。', 'Zhè tiáo jiēdào hěn piàoliang.'),
(848, 848, '看电视节目。', 'Kàn diànshì jiémù.'),
(849, 849, '春节是重要的节日。', 'Chūnjié shì zhòngyào de jiérì.'),
(850, 850, '考试结果。', 'Kǎoshì jiéguǒ.'),
(851, 851, '汉字结构。', 'Hànzì jiégòu.'),
(852, 852, '理论结合实际。', 'Lǐlùn jiéhé shíjì.'),
(853, 853, '他结婚了。', 'Tā jiéhūn le.'),
(854, 854, '会议结束了。', 'Huìyì jiéshù le.'),
(855, 855, '解决问题。', 'Jiějué wèntí.'),
(856, 856, '请解释一下。', 'Qǐng jiěshì yíxià.'),
(857, 857, '她是我姐姐。', 'Tā shì wǒ jiějie.'),
(858, 858, '介绍朋友。', 'Jièshào péngyou.'),
(859, 859, '我借一本书。', 'Wǒ jiè yì běn shū.'),
(860, 860, '一斤苹果。', 'Yì jīn píngguǒ.'),
(861, 861, '今后要努力。', 'Jīnhòu yào nǔlì.'),
(862, 862, '今日天气。', 'Jīnrì tiānqì.'),
(863, 863, '今年是2026年。', 'Jīnnián shì èr líng èr liù nián.'),
(864, 864, '今天很热。', 'Jīntiān hěn rè.'),
(865, 865, '我很紧张。', 'Wǒ hěn jǐnzhāng.'),
(866, 866, '学校很近。', 'Xuéxiào hěn jìn.'),
(867, 867, '请进。', 'Qǐng jìn.'),
(868, 868, '他的汉语进步了。', 'Tā de Hànyǔ jìnbù le.'),
(869, 869, '进行调查。', 'Jìnxíng diàochá.'),
(870, 870, '近来很忙。', 'Jìnlái hěn máng.'),
(871, 871, '禁止吸烟。', 'Jìnzhǐ xīyān.'),
(872, 872, '节目很精彩。', 'Jiémù hěn jīngcǎi.'),
(873, 873, '很有精神。', 'Hěn yǒu jīngshén.'),
(874, 874, '我经常看书。', 'Wǒ jīngcháng kànshū.'),
(875, 875, '经典电影。', 'Jīngdiǎn diànyǐng.'),
(876, 876, '经过这家店。', 'Jīngguò zhè jiā diàn.'),
(877, 877, '经济发展。', 'Jīngjì fāzhǎn.'),
(878, 878, '他是我们的经理。', 'Tā shì wǒmen de jīnglǐ.'),
(879, 879, '我没有经验。', 'Wǒ méiyǒu jīngyàn.'),
(880, 880, '经营公司。', 'Jīngyíng gōngsī.'),
(881, 881, '看京剧。', 'Kàn jīngjù.'),
(882, 882, '找警察。', 'Zhǎo jǐngchá.'),
(883, 883, '景色优美。', 'Jǐngsè yōuměi.'),
(884, 884, '安静一点。', 'Ānjìng yìdiǎn.'),
(885, 885, '竞争激烈。', 'Jìngzhēng jīliè.'),
(886, 886, '他竟然没来。', 'Tā jìngrán méi lái.'),
(887, 887, '照镜子。', 'Zhào jìngzi.'),
(888, 888, '究竟发生了什么？', 'Jiūjìng fāshēngle shénme?'),
(889, 889, '我有九个苹果。', 'Wǒ yǒu jiǔ gè píngguǒ.'),
(890, 890, '很久不见。', 'Hěn jiǔ bú jiàn.'),
(891, 891, '他不喝酒。', 'Tā bù hē jiǔ.'),
(892, 892, '住酒店。', 'Zhù jiǔdiàn.'),
(893, 893, '我这就去。', 'Wǒ zhè jiù qù.'),
(894, 894, '就要下雨了。', 'Jiùyào xiàyǔ le.'),
(895, 895, '举办活动。', 'Jǔbàn huódòng.'),
(896, 896, '举行会议。', 'Jǔxíng huìyì.'),
(897, 897, '他拒绝了我的要求。', 'Tā jùjuéle wǒ de yāoqiú.'),
(898, 898, '这里距离学校很远。', 'Zhèlǐ jùlí xuéxiào hěn yuǎn.'),
(899, 899, '写一个句子。', 'Xiě yí gè jùzi.'),
(900, 900, '我还没决定。', 'Wǒ hái méi juédìng.'),
(901, 901, '我想喝咖啡。', 'Wǒ xiǎng hē kāfēi.'),
(902, 902, '我的卡在那儿。', 'Wǒ de kǎ zài nàr.'),
(903, 903, '请开门。', 'Qǐng kāimén.'),
(904, 904, '我们要开始了。', 'Wǒmen yào kāishǐ le.'),
(905, 905, '别开玩笑。', 'Bié kāiwánxiào.'),
(906, 906, '下周开学。', 'Xiàzhōu kāixué.'),
(907, 907, '他在看报纸。', 'Tā zài kàn bàozhǐ.'),
(908, 908, '我看见他了。', 'Wǒ kànjiàn tā le.'),
(909, 909, '明天有考试。', 'Míngtiān yǒu kǎoshì.'),
(910, 910, '这一棵树。', 'Zhè yì kē shù.'),
(911, 911, '学科学。', 'Xué kēxué.'),
(912, 912, '他咳嗽得厉害。', 'Tā késou de lìhai.'),
(913, 913, '明天可能会下雨。', 'Míngtiān kěnéng huì xiàyǔ.'),
(914, 914, '他很好，可是我不喜欢。', 'Tā hěn hǎo, kěshì wǒ bù xǐhuan.'),
(915, 915, '那个猫很可爱。', 'Nàge māo hěn kě''ài.'),
(916, 916, '我可以进来吗？', 'Wǒ kěyǐ jìnlai ma?'),
(917, 917, '五点一刻。', 'Wǔ diǎn yí kè.'),
(918, 918, '现在上课。', 'Xiànzài shàngkè.'),
(919, 919, '打开课本。', 'Dǎkāi kèběn.'),
(920, 920, '读课文。', 'Dú kèwén.'),
(921, 921, '不客气。', 'Bú kèqi.'),
(922, 922, '家里有客人。', 'Jiāli yǒu kèrén.'),
(923, 923, '这里的空气很好。', 'Zhèli de kōngqì hěn hǎo.'),
(924, 924, '开空调。', 'Kāi kōngtiáo.'),
(925, 925, '我家有三口人。', 'Wǒjiā yǒu sān kǒu rén.'),
(926, 926, '别哭。', 'Bié kū.'),
(927, 927, '这个药很苦。', 'Zhège yào hěn kǔ.'),
(928, 928, '一件裤子。', 'Yí jiàn kùzi.'),
(929, 929, '十块钱。', 'Shí kuài qián.'),
(930, 930, '走快点。', 'Zǒu kuài diǎn.'),
(931, 931, '生日快乐。', 'Shēngrì kuàilè.'),
(932, 932, '用筷子。', 'Yòng kuàizi.'),
(933, 933, '马路很宽。', 'Mǎlù hěn kuān.'),
(934, 934, '喝矿泉水。', 'Hē kuàngquánshuǐ.'),
(935, 935, '没有困难。', 'Méiyǒu kùnnán.'),
(936, 936, '扩大范围。', 'Kuòdà fànwéi.'),
(937, 937, '拉门。', 'Lāmén.'),
(938, 938, '放在垃圾桶里。', 'Fàng zài lājītǒng lǐ.'),
(939, 939, '我不吃辣。', 'Wǒ bù chī là.'),
(940, 940, '他来了。', 'Tā lái le.'),
(941, 941, '已经来不及了。', 'Yǐjīng láibují le.'),
(942, 942, '还来得及。', 'Hái láidejí.'),
(943, 943, '蓝天。', 'Lántiān.'),
(944, 944, '我喜欢蓝色。', 'Wǒ xǐhuān lánsè.'),
(945, 945, '他很懒。', 'Tā hěn lǎn.'),
(946, 946, '别浪费时间。', 'Bié làngfèi shíjiān.'),
(947, 947, '老师好。', 'Lǎoshī hǎo.'),
(948, 948, '他来了。', 'Tā lái le.'),
(949, 949, '我很累。', 'Wǒ hěn lèi.'),
(950, 950, '今天很冷。', 'Jīntiān hěn lěng.'),
(951, 951, '家离学校很近。', 'Jiā lí xuéxiào hěn jìn.'),
(952, 952, '他离开北京了。', 'Tā líkāi Běijīng le.'),
(953, 953, '送礼物。', 'Sòng lǐwù.'),
(954, 954, '书在包里。', 'Shū zài bāo lǐ.'),
(955, 955, '里边请。', 'Lǐbiān qǐng.'),
(956, 956, '去理发。', 'Qù lǐfà.'),
(957, 957, '我不理解。', 'Wǒ bù lǐjiě.'),
(958, 958, '我的理想。', 'Wǒ de lǐxiǎng.'),
(959, 959, '没有力气。', 'Méiyǒu lìqi.'),
(960, 960, '中国历史。', 'Zhōngguó lìshǐ.'),
(961, 961, '利用时间。', 'Lìyòng shíjiān.'),
(962, 962, '例如这个。', 'Lìrú zhège.'),
(963, 963, '举个例子。', 'Jǔ gè lìzi.'),
(964, 964, '我们俩。', 'Wǒmen liǎ.'),
(965, 965, '连他也来了。', 'Lián tā yě lái le.'),
(966, 966, '请联系我。', 'Qǐng liánxì wǒ.'),
(967, 967, '洗脸。', 'Xǐliǎn.'),
(968, 968, '做练习。', 'Zuò liànxí.'),
(969, 969, '今天很凉快。', 'Jīntiān hěn liángkuai.'),
(970, 970, '两本书。', 'Liǎng běn shū.'),
(971, 971, '灯亮了。', 'Dēng liàng le.'),
(972, 972, '我们在聊天。', 'Wǒmen zài liáotiān.'),
(973, 973, '我很了解他。', 'Wǒ hěn liǎojiě tā.'),
(974, 974, '我的邻居。', 'Wǒ de línjū.'),
(975, 975, '零下十度。', 'Língxià shí dù.'),
(976, 976, '你有零钱吗？', 'Nǐ yǒu língqián ma?'),
(977, 977, '另外一个。', 'Lìngwài yí gè.'),
(978, 978, '留在这儿。', 'Liú zài zhèr.'),
(979, 979, '我是留学生。', 'Wǒ shì liúxuésheng.'),
(980, 980, '流泪。', 'Liúlèi.'),
(981, 981, '他的汉语很流利。', 'Tā de Hànyǔ hěn liúlì.'),
(982, 982, '流行的歌。', 'Liúxíng de gē.'),
(983, 983, '六个苹果。', 'Liù gè píngguǒ.'),
(984, 984, '他在那座楼。', 'Tā zài nà zuò lóu.'),
(985, 985, '他在楼上。', 'Tā zài lóushàng.'),
(986, 986, '我们在楼下等你。', 'Wǒmen zài lóuxià děng nǐ.'),
(987, 987, '路很长。', 'Lù hěn cháng.'),
(988, 988, '在路口等。', 'Zài lùkǒu děng.'),
(989, 989, '我在路上。', 'Wǒ zài lùshàng.'),
(990, 990, '去中国旅游。', 'Qù Zhōngguó lǚyóu.'),
(991, 991, '草绿了。', 'Cǎo lǜ le.'),
(992, 992, '我喜欢绿色。', 'Wǒ xǐhuān lǜsè.'),
(993, 993, '房间很乱。', 'Fángjiān hěn luàn.'),
(994, 994, '我爱妈妈。', 'Wǒ ài māma.'),
(995, 995, '真麻烦。', 'Zhēn máfan.'),
(996, 996, '骑马。', 'Qímǎ.'),
(997, 997, '过马路。', 'Guò mǎlù.'),
(998, 998, '我马上就来。', 'Wǒ mǎshàng jiù lái.'),
(999, 999, '我很满意。', 'Wǒ hěn mǎnyì.'),
(1000, 1000, '我的猫在那儿。', 'Wǒ de māo zài nàr.'),
(1001, 1001, '猫的毛很长。', 'Māo de máo hěn cháng.'),
(1002, 1002, '这台电脑有毛病。', 'Zhè tái diànnǎo yǒu máobìng.'),
(1003, 1003, '用毛笔写字。', 'Yòng máobǐ xiězì.'),
(1004, 1004, '新毛巾。', 'Xīn máojīn.'),
(1005, 1005, '穿毛衣。', 'Chuān máoyī.'),
(1006, 1006, '戴帽子。', 'Dài màozi.'),
(1007, 1007, '没关系。', 'Méi guānxi.'),
(1008, 1008, '对不起，没关系。', 'Duìbuqǐ, méi guānxi.'),
(1009, 1009, '没什么事。', 'Méi shénme shì.'),
(1010, 1010, '我现在没事儿。', 'Wǒ xiànzài méishìr.'),
(1011, 1011, '我没有钱。', 'Wǒ méiyǒu qián.'),
(1012, 1012, '每天学习。', 'Měitiān xuéxí.'),
(1013, 1013, '每个学生。', 'Měigè xuésheng.'),
(1014, 1014, '风景很美。', 'Fēngjǐng hěn měi.'),
(1015, 1015, '美丽的城市。', 'Měilì de chéngshì.'),
(1016, 1016, '品尝美食。', 'Pǐncháng měishí.'),
(1017, 1017, '学美术。', 'Xué měishù.'),
(1018, 1018, '开门。', 'Kāimén.'),
(1019, 1019, '我在门口等你。', 'Wǒ zài ménkǒu děng nǐ.'),
(1020, 1020, '买两张门票。', 'Mǎi liǎng zhāng ménpiào.'),
(1021, 1021, '我们走吧。', 'Wǒmen zǒu ba.'),
(1022, 1022, '一百米。', 'Yìbǎi mǐ.'),
(1023, 1023, '吃米饭。', 'Chī mǐfàn.'),
(1024, 1024, '我想吃面。', 'Wǒ xiǎng chī miàn.'),
(1025, 1025, '买面包。', 'Mǎi miànbāo.'),
(1026, 1026, '面对困难。', 'Miànduì kùnnán.'),
(1027, 1027, '房间的面积。', 'Fángjiān de miànjī.'),
(1028, 1028, '面临选择。', 'Miànlín xuǎnzé.'),
(1029, 1029, '一碗面条儿。', 'Yì wǎn miàntiáor.'),
(1030, 1030, '描写风景。', 'Miáoxiě fēngjǐng.'),
(1031, 1031, '六十秒。', 'Liùshí miǎo.'),
(1032, 1032, '中华民族。', 'Zhōnghuá mínzú.'),
(1033, 1033, '我不明白。', 'Wǒ bù míngbai.'),
(1034, 1034, '目标明确。', 'Mùbiāo míngquè.'),
(1035, 1035, '明年见。', 'Míngnián jiàn.'),
(1036, 1036, '明天去北京。', 'Míngtiān qù Běijīng.'),
(1037, 1037, '变化很明显。', 'Biànhuà hěn míngxiǎn.'),
(1038, 1038, '电影明星。', 'Diànyǐng míngxīng.'),
(1039, 1039, '你叫什么名字？', 'Nǐ jiào shénme míngzi?'),
(1040, 1040, '生命。', 'Shēngmìng.'),
(1041, 1041, '听从命令。', 'Tīngcóng mìnglìng.'),
(1042, 1042, '摸一下。', 'Mō yíxià.'),
(1043, 1043, '模仿他的动作。', 'Mófǎng tā de dòngzuò.'),
(1044, 1044, '画面很模糊。', 'Huàmiàn hěn móhu.'),
(1045, 1045, '骑摩托车。', 'Qí mótuōchē.'),
(1046, 1046, '陌生人。', 'Mòshēngrén.'),
(1047, 1047, '某人。', 'Mǒurén.'),
(1048, 1048, '实现目标。', 'Shíxiàn mùbiāo.'),
(1049, 1049, '你的目的是什么？', 'Nǐ de mùdì shì shénme?'),
(1050, 1050, '看书的目录。', 'Kàn shū de mùlù.'),
(1051, 1051, '目前很忙。', 'Mùqián hěn máng.'),
(1052, 1052, '木头桌子。', 'Mùtou zhuōzi.'),
(1053, 1053, '拿书。', 'Ná shū.'),
(1054, 1054, '你是哪国人？', 'Nǐ shì nǎ guó rén?'),
(1055, 1055, '他在哪里？', 'Tā zài nǎlǐ?'),
(1056, 1056, '你去哪儿？', 'Nǐ qù nǎr?'),
(1057, 1057, '哪些是你的？', 'Nǎxiē shì nǐ de?'),
(1058, 1058, '那是我的书。', 'Nà shì wǒ de shū.'),
(1059, 1059, '他在那边。', 'Tā zài nàbiān.'),
(1060, 1060, '去那里。', 'Qù nàlǐ.'),
(1061, 1061, '那儿有人。', 'Nàr yǒurén.'),
(1062, 1062, '那些人是谁？', 'Nàxiē rén shì shéi?'),
(1063, 1063, '别那样做。', 'Bié nàyàng zuò.'),
(1064, 1064, '喝奶。', 'Hē nǎi.'),
(1065, 1065, '我奶奶。', 'Wǒ nǎinai.'),
(1066, 1066, '要有耐心。', 'Yào yǒu nàixīn.'),
(1067, 1067, '向南走。', 'Xiàng nán zǒu.'),
(1068, 1068, '在学校南边。', 'Zài xuéxiào nánbiān.'),
(1069, 1069, '这题很难。', 'Zhè tí hěn nán.'),
(1070, 1070, '难道你不去？', 'Nándào nǐ bú qù?'),
(1071, 1071, '别难过。', 'Bié nánguò.'),
(1072, 1072, '这个颜色很难看。', 'Zhège yánsè hěn nánkàn.'),
(1073, 1073, '心里很难受。', 'Xīnlǐ hěn nánshòu.'),
(1074, 1074, '难怪他不来。', 'Nánguài tā bù lái.'),
(1075, 1075, '难得的机会。', 'Nándé de jīhuì.'),
(1076, 1076, '错误是难免的。', 'Cuòwù shì nánmiǎn de.'),
(1077, 1077, '男厕所。', 'Nán cèsuǒ.'),
(1078, 1078, '那个男孩儿在那儿。', 'Nàge nánháir zài nàr.'),
(1079, 1079, '勇敢的男人。', 'Yǒnggǎn de nánrén.'),
(1080, 1080, '班里有很多男生。', 'Bān lǐ yǒu hěnduō nánshēng.'),
(1081, 1081, '动脑子。', 'Dòng nǎozi.'),
(1082, 1082, '别闹了。', 'Bié nào le.'),
(1083, 1083, '你呢？', 'Nǐ ne?'),
(1084, 1084, '国内。', 'Guónèi.'),
(1085, 1085, '书的内容。', 'Shū de nèiróng.'),
(1086, 1086, '我能去。', 'Wǒ néng qù.'),
(1087, 1087, '学习能力。', 'Xuéxí nénglì.'),
(1088, 1088, '我能够做好。', 'Wǒ nénggòu zuò hǎo.'),
(1089, 1089, '你是谁？', 'Nǐ shì shéi?'),
(1090, 1090, '你们在哪儿？', 'Nǐmen zài nǎr?'),
(1091, 1091, '一年。', 'Yì nián.'),
(1092, 1092, '八十年代。', 'Bāshí niándài.'),
(1093, 1093, '我上一年级。', 'Wǒ shàng yī niánjí.'),
(1094, 1094, '他年纪大了。', 'Tā niánjì dà le.'),
(1095, 1095, '他很年轻。', 'Tā hěn niánqīng.'),
(1096, 1096, '树上有鸟。', 'Shù shàng yǒu niǎo.'),
(1097, 1097, '您好。', 'Nín hǎo.'),
(1098, 1098, '一头牛。', 'Yì tóu niú.'),
(1099, 1099, '喝牛奶。', 'Hē niúnǎi.'),
(1100, 1100, '别弄坏了。', 'Bié nòng huài le.'),
(1101, 1101, '我们要努力学习。', 'Wǒmen yào nǔlì xuéxí.'),
(1102, 1102, '今天天气很暖和。', 'Jīntiān tiānqì hěn nuǎnhuo.'),
(1103, 1103, '我偶尔去电影院。', 'Wǒ ǒu''ěr qù diànyǐngyuàn.'),
(1104, 1104, '我们明天去爬山。', 'Wǒmen míngtiān qù páshān.'),
(1105, 1105, '拍张照片。', 'Pāi zhāng zhàopiàn.'),
(1106, 1106, '请排队。', 'Qǐng páiduì.'),
(1107, 1107, '打排球。', 'Dǎ páiqiú.'),
(1108, 1108, '公司派他去北京。', 'Gōngsī pài tā qù Běijīng.'),
(1109, 1109, '桌上有个盘子。', 'Zhuō shàng yǒu gè pánzi.'),
(1110, 1110, '他在跑步。', 'Tā zài pǎobù.'),
(1111, 1111, '我陪你去。', 'Wǒ péi nǐ qù.'),
(1112, 1112, '他是我的好朋友。', 'Tā shì wǒ de hǎo péngyou.'),
(1113, 1113, '这本书很便宜。', 'Zhè běn shū hěn piányi.'),
(1114, 1114, '别骗我。', 'Bié piàn wǒ.'),
(1115, 1115, '买票。', 'Mǎi piào.'),
(1116, 1116, '衣服很漂亮。', 'Yīfu hěn piàoliang.'),
(1117, 1117, '打乒乓球。', 'Dǎ pīngpāngqiú.'),
(1118, 1118, '我想吃苹果。', 'Wǒ xiǎng chī píngguǒ.'),
(1119, 1119, '平时我很忙。', 'Píngshí wǒ hěn máng.'),
(1120, 1120, '一个瓶子。', 'Yí gè píngzi.'),
(1121, 1121, '衣服破了。', 'Yīfu pò le.'),
(1122, 1122, '这些葡萄很甜。', 'Zhèxiē pútáo hěn tián.'),
(1123, 1123, '普通人。', 'Pǔtōngrén.'),
(1124, 1124, '说普通话。', 'Shuō pǔtōnghuà.'),
(1125, 1125, '七个。', 'Qī gè.'),
(1126, 1126, '他爱他的妻子。', 'Tā ài tā de qīzi.'),
(1127, 1127, '骑自行车。', 'Qí zìxíngchē.'),
(1128, 1128, '真奇怪。', 'Zhēn qíguài.'),
(1129, 1129, '在一起。', 'Zài yìqǐ.'),
(1130, 1130, '早点儿起床。', 'Zǎodiǎnr qǐchuáng.'),
(1131, 1131, '站起来。', 'Zhàn qǐlái.'),
(1132, 1132, '这里的气候很好。', 'Zhèli de qìhòu hěn hǎo.'),
(1133, 1133, '红气球。', 'Hóng qìqiú.'),
(1134, 1134, '开汽车。', 'Kāi qìchē.'),
(1135, 1135, '喝汽水。', 'Hē qìshuǐ.'),
(1136, 1136, '用铅笔写。', 'Yòng qiānbǐ xiě.'),
(1137, 1137, '一千块。', 'Yìqiān kuài.'),
(1138, 1138, '我有钱。', 'Wǒ yǒu qián.'),
(1139, 1139, '钱包在包里。', 'Qiánbāo zài bāo lǐ.'),
(1140, 1140, '三天前。', 'Sān tiān qián.'),
(1141, 1141, '他在我前边。', 'Tā zài wǒ qiánbian.'),
(1142, 1142, '前天我去北京了。', 'Qiántiān wǒ qù Běijīng le.'),
(1143, 1143, '水很浅。', 'Shuǐ hěn qiǎn.'),
(1144, 1144, '过桥。', 'Guò qiáo.'),
(1145, 1145, '吃巧克力。', 'Chī qiǎokèlì.'),
(1146, 1146, '他很亲切。', 'Tā hěn qīnqiè.'),
(1147, 1147, '我家亲戚很多。', 'Wǒjiā qīnqi hěnduō.'),
(1148, 1148, '这个包很轻。', 'Zhège bāo hěn qīng.'),
(1149, 1149, '今天很轻松。', 'Jīntiān hěn qīngsōng.'),
(1150, 1150, '我说清楚了吗？', 'Wǒ shuō qīngchu le ma?'),
(1151, 1151, '天晴了。', 'Tiān qíng le.'),
(1152, 1152, '明天是晴天。', 'Míngtiān shì qíngtiān.'),
(1153, 1153, '了解情况。', 'Liǎojiě qíngkuàng.'),
(1154, 1154, '请坐。', 'Qǐng zuò.'),
(1155, 1155, '我想请假。', 'Wǒ xiǎng qǐngjià.'),
(1156, 1156, '请进，请进。', 'Qǐng jìn, qǐng jìn.'),
(1157, 1157, '今天我请客。', 'Jīntiān wǒ qǐngkè.'),
(1158, 1158, '请问，书店在哪儿？', 'Qǐngwèn, shūdiàn zài nǎr?'),
(1159, 1159, '老师，请坐。', 'Lǎoshī, qǐng zuò.'),
(1160, 1160, '庆祝生日。', 'Qìngzhù shēngrì.'),
(1161, 1161, '他在踢球。', 'Tā zài tīqiú.'),
(1162, 1162, '买双球鞋。', 'Mǎi shuāng qiúxié.'),
(1163, 1163, '我去学校。', 'Wǒ qù xuéxiào.'),
(1164, 1164, '去年我不在北京。', 'Qùnián wǒ bú zài Běijīng.'),
(1165, 1165, '全部给我。', 'Quánbù gěi wǒ.'),
(1166, 1166, '全家福。', 'Quánjiāfú.'),
(1167, 1167, '全年不休息。', 'Quánnián bù xiūxi.'),
(1168, 1168, '全身疼。', 'Quánshēn téng.'),
(1169, 1169, '全天工作。', 'Quántiān gōngzuò.'),
(1170, 1170, '他有很多缺点。', 'Tā yǒu hěnduō quēdiǎn.'),
(1171, 1171, '他来了，却没说话。', 'Tā lái le, què méi shuōhuà.'),
(1172, 1172, '他确实不知道。', 'Tā quèshí bù zhīdào.'),
(1173, 1173, '人群。', 'Rénqún.'),
(1174, 1174, '一件红裙子。', 'Yí jiàn hóng qúnzi.'),
(1175, 1175, '让他进来。', 'Ràng tā jìnlai.'),
(1176, 1176, '今天很热。', 'Jīntiān hěn rè.'),
(1177, 1177, '这儿很热闹。', 'Zhèr hěn rènao.'),
(1178, 1178, '他很热情。', 'Tā hěn rèqíng.'),
(1179, 1179, '他是中国人。', 'Tā shì Zhōngguórén.'),
(1180, 1180, '中国人口很多。', 'Zhōngguó rénkǒu hěnduō.'),
(1181, 1181, '人们在工作。', 'Rénmen zài gōngzuò.'),
(1182, 1182, '付人民币。', 'Fù rénmínbì.'),
(1183, 1183, '幸福的人生。', 'Xìngfú de rénshēng.'),
(1184, 1184, '人数不少。', 'Rénshù bù shǎo.'),
(1185, 1185, '我不认识他。', 'Wǒ bú rènshi tā.'),
(1186, 1186, '我认为他是对的。', 'Wǒ rènwéi tā shì duì de.'),
(1187, 1187, '认真工作。', 'Rènzhēn gōngzuò.'),
(1188, 1188, '十月一日。', 'Shí yuè yī rì.'),
(1189, 1189, '看日报。', 'Kàn rìbào.'),
(1190, 1190, '写日记。', 'Xiě rìjì.'),
(1191, 1191, '请写下日期。', 'Qǐng xiě xià rìqī.'),
(1192, 1192, '买日用品。', 'Mǎi rìyòngpǐn.'),
(1193, 1193, '这很容易。', 'Zhè hěn róngyì.'),
(1194, 1194, '绒毛玩具。', 'Róngmáo wánjù.'),
(1195, 1195, '我不吃肉。', 'Wǒ bù chī ròu.'),
(1196, 1196, '三个人。', 'Sān gè rén.'),
(1197, 1197, '下雨了，带伞。', 'Xiàyǔ le, dài sǎn.'),
(1198, 1198, '在公园散步。', 'Zài gōngyuán sànbù.'),
(1199, 1199, '我嗓子疼。', 'Wǒ sǎngzi téng.'),
(1200, 1200, '森林里有很多树。', 'Sēnlín lǐ yǒu hěnduō shù.'),
(1201, 1201, '坐在沙发上。', 'Zuò zài shāfā shàng.'),
(1202, 1202, '别杀生。', 'Bié shāshēng.'),
(1203, 1203, '晒太阳。', 'Shài tàiyáng.'),
(1204, 1204, '山上有很多树。', 'Shān shàng yǒu hěnduō shù.'),
(1205, 1205, '看到闪电了。', 'Kàndào shǎndiàn le.'),
(1206, 1206, '一把扇子。', 'Yì bǎ shànzi.'),
(1207, 1207, '他很善良。', 'Tā hěn shànliáng.'),
(1208, 1208, '他善于交流。', 'Tā shànyú jiāoliú.'),
(1209, 1209, '别伤害他。', 'Bié shānghài tā.'),
(1210, 1210, '各种商品。', 'Gèzhǒng shāngpǐn.'),
(1211, 1211, '商业中心。', 'Shāngyè zhōngxīn.'),
(1212, 1212, '上楼。', 'Shànglóu.'),
(1213, 1213, '我八点上班。', 'Wǒ bā diǎn shàngbān.'),
(1214, 1214, '别上当。', 'Bié shàngdàng.'),
(1215, 1215, '他在上网。', 'Tā zài shàngwǎng.'),
(1216, 1216, '今天上午。', 'Jīntiān shàngwǔ.'),
(1217, 1217, '稍微等一下。', 'Shāowēi děng yíxià.'),
(1218, 1218, '人很少。', 'Rén hěn shǎo.'),
(1219, 1219, '这里有蛇。', 'Zhèli yǒu shé.'),
(1220, 1220, '伸出舌头。', 'Shēnchū shétou.'),
(1221, 1221, '社会发展。', 'Shèhuì fāzhǎn.'),
(1222, 1222, '我舍不得离开。', 'Wǒ shěbude líkāi.'),
(1223, 1223, '工厂设备。', 'Gōngchǎng shèbèi.'),
(1224, 1224, '设计衣服。', 'Shèjì yīfu.'),
(1225, 1225, '公共设施。', 'Gōnggòng shèshī.'),
(1226, 1226, '身体健康。', 'Shēntǐ jiànkāng.'),
(1227, 1227, '水很深。', 'Shuǐ hěn shēn.'),
(1228, 1228, '他甚至不认识我。', 'Tā shènzhì bù rènshi wǒ.'),
(1229, 1229, '太阳升起。', 'Tàiyáng shēngqǐ.'),
(1230, 1230, '学习生词。', 'Xuéxí shēngcí.'),
(1231, 1231, '生活很美好。', 'Shēnghuó hěn měihǎo.'),
(1232, 1232, '珍惜生命。', 'Zhēnxī shēngmìng.'),
(1233, 1233, '祝你生日快乐。', 'Zhù nǐ shēngrì kuàilè.'),
(1234, 1234, '听声音。', 'Tīng shēngyīn.'),
(1235, 1235, '四川省。', 'Sìchuān shěng.'),
(1236, 1236, '剩下一点。', 'Shèngxià yìdiǎn.'),
(1237, 1237, '不要怕失败。', 'Búyào pà shībài.'),
(1238, 1238, '我很失望。', 'Wǒ hěn shīwàng.'),
(1239, 1239, '师傅，去饭店。', 'Shīfu, qù fàndiàn.'),
(1240, 1240, '衣服湿了。', 'Yīfu shī le.'),
(1241, 1241, '大狮子。', 'Dà shīzi.'),
(1242, 1242, '十个人。', 'Shí gè rén.'),
(1243, 1243, '十分高兴。', 'Shífēn gāoxìng.'),
(1244, 1244, '新时代。', 'Xīn shídài.'),
(1245, 1245, '什么时候？', 'Shénme shíhou?'),
(1246, 1246, '没有时间。', 'Méiyǒu shíjiān.'),
(1247, 1247, '结合实际。', 'Jiéhé shíjì.'),
(1248, 1248, '他在银行实习。', 'Tā zài yínháng shíxí.'),
(1249, 1249, '实现理想。', 'Shíxiàn lǐxiǎng.'),
(1250, 1250, '实行计划。', 'Shíxíng jìhuà.'),
(1251, 1251, '做实验。', 'Zuò shíyàn.'),
(1252, 1252, '美味的食物。', 'Měiwèi de shíwù.'),
(1253, 1253, '去食堂吃饭。', 'Qù shítáng chīfàn.'),
(1254, 1254, '学习使用电脑。', 'Xuéxí shǐyòng diànnǎo.'),
(1255, 1255, '我是学生。', 'Wǒ shì xuésheng.'),
(1256, 1256, '去市场买菜。', 'Qù shìchǎng mǎi cài.'),
(1257, 1257, '发生了一件事情。', 'Fāshēngle yí jiàn shìqing.'),
(1258, 1258, '洗手。', 'Xǐshǒu.'),
(1259, 1259, '我的手机。', 'Wǒ de shǒujī.'),
(1260, 1260, '这块手表很贵。', 'Zhè kuài shǒubiǎo hěn guì.'),
(1261, 1261, '我看书。', 'Wǒ kànshū.'),
(1262, 1262, '感觉很舒服。', 'Gǎnjué hěn shūfu.'),
(1263, 1263, '苹果熟了。', 'Píngguǒ shú le.'),
(1264, 1264, '大树。', 'Dàshù.'),
(1265, 1265, '数学课。', 'Shùxué kè.'),
(1266, 1266, '早晚刷牙。', 'Zǎowǎn shuāyá.'),
(1267, 1267, '喝水。', 'Hēshuǐ.'),
(1268, 1268, '新鲜的水果。', 'Xīnxiān de shuǐguǒ.'),
(1269, 1269, '他在睡。', 'Tā zài shuì.'),
(1270, 1270, '去睡觉。', 'Qù shuìjiào.'),
(1271, 1271, '你说什么？', 'Nǐ shuō shénme?'),
(1272, 1272, '他在做饭。', 'Tā zài zuòfàn.');

INSERT INTO word_translations (word_id, language, value) VALUES 
(501, 'id', 'ah / oh'),
(501, 'en', 'modal particle'),
(502, 'id', 'cinta (asmara)'),
(502, 'en', 'love'),
(503, 'id', 'pasangan / kekasih'),
(503, 'en', 'spouse / lover'),
(504, 'id', 'tenang / sepi'),
(504, 'en', 'quiet'),
(505, 'id', 'aman / keamanan'),
(505, 'en', 'safe'),
(506, 'id', 'warna putih'),
(506, 'en', 'white color'),
(507, 'id', 'ketua kelas'),
(507, 'en', 'class monitor'),
(508, 'id', 'melakukan / mengurus'),
(508, 'en', 'to do / handle'),
(509, 'id', 'cara / metode'),
(509, 'en', 'method / way'),
(510, 'id', 'kantor'),
(510, 'en', 'office'),
(511, 'id', 'tengah malam'),
(511, 'en', 'midnight'),
(512, 'id', 'membantu / bantuan'),
(512, 'en', 'help / assist'),
(513, 'id', 'kenyang'),
(513, 'en', 'full'),
(514, 'id', 'koran'),
(514, 'en', 'newspaper'),
(515, 'id', 'utara / wilayah utara'),
(515, 'en', 'north'),
(516, 'id', 'punggung'),
(516, 'en', 'back'),
(517, 'id', 'di belakang (punggung)'),
(517, 'en', 'behind'),
(518, 'id', 'oleh / di- (pasif)'),
(518, 'en', 'by (passive marker)'),
(519, 'id', 'aslinya / tadinya'),
(519, 'en', 'originally'),
(520, 'id', 'buku catatan'),
(520, 'en', 'notebook'),
(521, 'id', 'bodoh'),
(521, 'en', 'stupid'),
(522, 'id', 'lumayan / membandingkan'),
(522, 'en', 'comparatively'),
(523, 'id', 'pertandingan / lomba'),
(523, 'en', 'competition'),
(524, 'id', 'catatan'),
(524, 'en', 'notes'),
(525, 'id', 'laptop / buku catatan'),
(525, 'en', 'laptop / notebook'),
(526, 'id', 'lulus'),
(526, 'en', 'graduate'),
(527, 'id', 'berubah / perubahan'),
(527, 'en', 'change'),
(528, 'id', 'kali (frekuensi)'),
(528, 'en', 'measure word for times'),
(529, 'id', 'standar / kriteria'),
(529, 'en', 'standard'),
(530, 'id', 'mengungkapkan'),
(530, 'en', 'express'),
(531, 'id', 'formulir / tabel'),
(531, 'en', 'form / table'),
(532, 'id', 'menunjukkan / berarti'),
(532, 'en', 'indicate'),
(533, 'id', 'tampil / pertunjukan'),
(533, 'en', 'perform / performance'),
(534, 'id', 'memuji'),
(534, 'en', 'praise'),
(535, 'id', 'benda lain'),
(535, 'en', 'other things'),
(536, 'id', 'milik orang lain'),
(536, 'en', 'others'''),
(537, 'id', 'jangan diungkit lagi'),
(537, 'en', 'don''t mention it'),
(538, 'id', 'es krim'),
(538, 'en', 'ice cream'),
(539, 'id', 'kulkas'),
(539, 'en', 'refrigerator'),
(540, 'id', 'biskuit'),
(540, 'en', 'cookie'),
(541, 'id', 'tidak hanya... tapi juga...'),
(541, 'en', 'not only... but also...'),
(542, 'id', 'terpaksa / harus mau tidak mau'),
(542, 'en', 'have to'),
(543, 'id', 'tidak peduli / bagaimanapun'),
(543, 'en', 'no matter'),
(544, 'id', 'namun / tetapi'),
(544, 'en', 'however'),
(545, 'id', 'malu / tidak enak hati / maaf'),
(545, 'en', 'embarrassed / excuse me'),
(546, 'id', 'tidak lama lagi'),
(546, 'en', 'soon'),
(547, 'id', 'tidak puas / kesal'),
(547, 'en', 'dissatisfied'),
(548, 'id', 'jika tidak / kalau tidak'),
(548, 'en', 'otherwise'),
(549, 'id', 'tidak sebagus / lebih baik (saran)'),
(549, 'en', 'not as good as'),
(550, 'id', 'berbeda'),
(550, 'en', 'different'),
(551, 'id', 'tidak usah'),
(551, 'en', 'no need'),
(552, 'id', 'bagian'),
(552, 'en', 'part'),
(553, 'id', 'menyeka / mengusap / menghapus'),
(553, 'en', 'wipe'),
(554, 'id', 'menebak'),
(554, 'en', 'guess'),
(555, 'id', 'baru saja / baru (menekankan waktu lambat)'),
(555, 'en', 'just'),
(556, 'id', 'bahan / materi'),
(556, 'en', 'material'),
(557, 'id', 'menu'),
(557, 'en', 'menu'),
(558, 'id', 'berkunjung / meninjau'),
(558, 'en', 'visit'),
(559, 'id', 'ikut serta / berpartisipasi'),
(559, 'en', 'participate'),
(560, 'id', 'rumput'),
(560, 'en', 'grass'),
(561, 'id', 'padang rumput'),
(561, 'en', 'grassland / lawn'),
(562, 'id', 'lantai / lapisan'),
(562, 'en', 'floor / layer'),
(563, 'id', 'kedai teh'),
(563, 'en', 'teahouse'),
(564, 'id', 'daun teh'),
(564, 'en', 'tea leaves'),
(565, 'id', 'panjang'),
(565, 'en', 'long'),
(566, 'id', 'Tembok Besar Tiongkok'),
(566, 'en', 'The Great Wall'),
(567, 'id', 'Sungai Yangtze'),
(567, 'en', 'The Yangtze River'),
(568, 'id', 'lapangan / tempat luas / satuan kejadian'),
(568, 'en', 'field / scene / MW'),
(569, 'id', 'bernyanyi'),
(569, 'en', 'sing'),
(570, 'id', 'menyalin / menjiplak'),
(570, 'en', 'copy / transcribe'),
(571, 'id', 'melebihi / melampaui'),
(571, 'en', 'exceed'),
(572, 'id', 'super / luar biasa'),
(572, 'en', 'super'),
(573, 'id', 'supermarket'),
(573, 'en', 'supermarket'),
(574, 'id', 'berisik / bertengkar'),
(574, 'en', 'noisy / quarrel'),
(575, 'id', 'kemeja'),
(575, 'en', 'shirt'),
(576, 'id', 'berhasil / sukses'),
(576, 'en', 'success'),
(577, 'id', 'prestasi / nilai ujian'),
(577, 'en', 'achievement / grade'),
(578, 'id', 'orang dewasa'),
(578, 'en', 'adult'),
(579, 'id', 'kota'),
(579, 'en', 'city'),
(580, 'id', 'mengendarai / naik (kendaraan)'),
(580, 'en', 'to ride (a vehicle)'),
(581, 'id', 'terkejut / kaget'),
(581, 'en', 'surprised'),
(582, 'id', 'terlambat'),
(582, 'en', 'late'),
(583, 'id', 'laci'),
(583, 'en', 'drawer'),
(584, 'id', 'merokok'),
(584, 'en', 'smoke (cigarettes)'),
(585, 'id', 'perjalanan dinas / tugas luar'),
(585, 'en', 'business trip'),
(586, 'id', 'berangkat'),
(586, 'en', 'set out / depart'),
(587, 'id', 'lahir'),
(587, 'en', 'born'),
(588, 'id', 'muncul'),
(588, 'en', 'appear'),
(589, 'id', 'dapur'),
(589, 'en', 'kitchen'),
(590, 'id', 'selain / kecuali'),
(590, 'en', 'except / besides'),
(591, 'id', 'memakai / menembus'),
(591, 'en', 'wear / penetrate'),
(592, 'id', 'jendela'),
(592, 'en', 'window'),
(593, 'id', 'tirai / gorden'),
(593, 'en', 'curtain'),
(594, 'id', 'menerobos / menyerbu'),
(594, 'en', 'rush / break into'),
(595, 'id', 'meniup'),
(595, 'en', 'blow'),
(596, 'id', 'musim semi'),
(596, 'en', 'spring'),
(597, 'id', 'kaset'),
(597, 'en', 'cassette tape'),
(598, 'id', 'kamus'),
(598, 'en', 'dictionary'),
(599, 'id', 'kata / istilah'),
(599, 'en', 'words / expressions'),
(600, 'id', 'pintar / cerdas'),
(600, 'en', 'clever / smart'),
(601, 'id', 'selalu / sejak dulu'),
(601, 'en', 'always / all along'),
(602, 'id', 'ceroboh'),
(602, 'en', 'careless'),
(603, 'id', 'jawaban'),
(603, 'en', 'answer'),
(604, 'id', 'berdandan / merias'),
(604, 'en', 'dress up'),
(605, 'id', 'membersihkan / menyapu'),
(605, 'en', 'clean up'),
(606, 'id', 'berencana / rencana'),
(606, 'en', 'plan'),
(607, 'id', 'kerja paruh waktu'),
(607, 'en', 'part-time job'),
(608, 'id', 'diskon'),
(608, 'en', 'discount'),
(609, 'id', 'suntik'),
(609, 'en', 'get an injection'),
(610, 'id', 'mungkin / kira-kira'),
(610, 'en', 'probably'),
(611, 'id', 'kedutaan besar'),
(611, 'en', 'embassy'),
(612, 'id', 'sekitar / kira-kira'),
(612, 'en', 'about / approximately'),
(613, 'id', 'semua orang'),
(613, 'en', 'everyone'),
(614, 'id', 'membawa'),
(614, 'en', 'bring'),
(615, 'id', 'memakai (aksesoris)'),
(615, 'en', 'wear (hat, glasses)'),
(616, 'id', 'mewakili / wakil'),
(616, 'en', 'represent'),
(617, 'id', 'menggantikan'),
(617, 'en', 'replace'),
(618, 'id', 'dokter'),
(618, 'en', 'doctor'),
(619, 'id', 'khawatir'),
(619, 'en', 'worry'),
(620, 'id', 'kue'),
(620, 'en', 'cake'),
(621, 'id', 'menjadi / ketika'),
(621, 'en', 'to be / when'),
(622, 'id', 'tentu saja'),
(622, 'en', 'of course'),
(623, 'id', 'saat itu'),
(623, 'en', 'at that time'),
(624, 'id', 'di tengah'),
(624, 'en', 'among / center'),
(625, 'id', 'di mana-mana'),
(625, 'en', 'everywhere'),
(626, 'id', 'sebenarnya (penekanan)'),
(626, 'en', 'after all / actually'),
(627, 'id', 'minta maaf'),
(627, 'en', 'apologize'),
(628, 'id', 'bangga diri / puas'),
(628, 'en', 'proud of oneself'),
(629, 'id', 'partikel pelengkap'),
(629, 'en', 'complement particle'),
(630, 'id', 'boarding pass'),
(630, 'en', 'boarding pass'),
(631, 'id', 'dan lain-lain / menunggu'),
(631, 'en', 'wait / etc'),
(632, 'id', 'rendah'),
(632, 'en', 'low'),
(633, 'id', 'dasar / bawah'),
(633, 'en', 'bottom'),
(634, 'id', 'kereta bawah tanah'),
(634, 'en', 'subway / metro'),
(635, 'id', 'alamat'),
(635, 'en', 'address'),
(636, 'id', 'pertama'),
(636, 'en', 'first'),
(637, 'id', 'kue / camilan'),
(637, 'en', 'snack / dim sum'),
(638, 'id', 'baterai'),
(638, 'en', 'battery'),
(639, 'id', 'lift / eskalator'),
(639, 'en', 'elevator'),
(640, 'id', 'elektronik'),
(640, 'en', 'electronic'),
(641, 'id', 'menyelidiki / survei'),
(641, 'en', 'investigate / survey'),
(642, 'id', 'hilang / membuang'),
(642, 'en', 'lose / throw away'),
(643, 'id', 'musim dingin'),
(643, 'en', 'winter'),
(644, 'id', 'mengerti'),
(644, 'en', 'understand'),
(645, 'id', 'hewan'),
(645, 'en', 'animal'),
(646, 'id', 'kebun binatang'),
(646, 'en', 'zoo'),
(647, 'id', 'gerakan / aksi'),
(647, 'en', 'movement / action'),
(648, 'id', 'perut'),
(648, 'en', 'belly / stomach'),
(649, 'id', 'bagian / paragraf'),
(649, 'en', 'section / paragraph'),
(650, 'id', 'putus / patah'),
(650, 'en', 'broken / break'),
(651, 'id', 'terhadap / kepada'),
(651, 'en', 'to / towards'),
(652, 'id', 'dialog / percakapan'),
(652, 'en', 'dialogue / conversation'),
(653, 'id', 'seberang'),
(653, 'en', 'opposite / across'),
(654, 'id', 'satuan kali makan'),
(654, 'en', 'measure word for meals'),
(655, 'id', 'betapa / sungguh'),
(655, 'en', 'how (wonderful, etc)'),
(656, 'id', 'berapa banyak'),
(656, 'en', 'how much / how many'),
(657, 'id', 'anak-anak'),
(657, 'en', 'children'),
(658, 'id', 'mengirim / mengeluarkan'),
(658, 'en', 'send / issue'),
(659, 'id', 'demam'),
(659, 'en', 'have a fever'),
(660, 'id', 'terjadi'),
(660, 'en', 'happen'),
(661, 'id', 'menemukan / menyadari'),
(661, 'en', 'discover / find'),
(662, 'id', 'hukum'),
(662, 'en', 'law'),
(663, 'id', 'pengadilan'),
(663, 'en', 'court'),
(664, 'id', 'menerjemahkan / penerjemah'),
(664, 'en', 'translate / translator'),
(665, 'id', 'cemas / kekhawatiran'),
(665, 'en', 'worried / annoyance'),
(666, 'id', 'menentang / tidak setuju'),
(666, 'en', 'oppose'),
(667, 'id', 'reaksi / merespons'),
(667, 'en', 'reaction / respond'),
(668, 'id', 'restoran / rumah makan'),
(668, 'en', 'restaurant'),
(669, 'id', 'cakupan / jangkauan'),
(669, 'en', 'range / scope'),
(670, 'id', 'praktis / nyaman'),
(670, 'en', 'convenient'),
(671, 'id', 'metode / cara'),
(671, 'en', 'method'),
(672, 'id', 'aspek / bidang'),
(672, 'en', 'aspect / side'),
(673, 'id', 'arah'),
(673, 'en', 'direction'),
(674, 'id', 'pemilik rumah / induk semang'),
(674, 'en', 'landlord'),
(675, 'id', 'uang sewa rumah'),
(675, 'en', 'rent (for a house)'),
(676, 'id', 'tenang / merasa lega'),
(676, 'en', 'to be at ease / feel relieved'),
(677, 'id', 'sangat / luar biasa'),
(677, 'en', 'very / extraordinary'),
(678, 'id', 'pesawat terbang'),
(678, 'en', 'airplane'),
(679, 'id', 'menit / poin / membagi'),
(679, 'en', 'minute / point'),
(680, 'id', 'beragam / kaya / berlimpah'),
(680, 'en', 'abundant / rich'),
(681, 'id', 'pemandangan'),
(681, 'en', 'scenery'),
(682, 'id', 'jika tidak / kalau tidak'),
(682, 'en', 'otherwise'),
(683, 'id', 'mengulang pelajaran / merevisi'),
(683, 'en', 'review'),
(684, 'id', 'fotokopi'),
(684, 'en', 'photocopy'),
(685, 'id', 'rumit / kompleks'),
(685, 'en', 'complicated'),
(686, 'id', 'bertanggung jawab'),
(686, 'en', 'be responsible for'),
(687, 'id', 'dekat sini / sekitar'),
(687, 'en', 'nearby'),
(688, 'id', 'ayah'),
(688, 'en', 'father'),
(689, 'id', 'seharusnya / waktunya'),
(689, 'en', 'should / ought to'),
(690, 'id', 'mengubah / perubahan'),
(690, 'en', 'change / alter'),
(691, 'id', 'reformasi'),
(691, 'en', 'reform'),
(692, 'id', 'meningkatkan / memajukan'),
(692, 'en', 'improve'),
(693, 'id', 'memperbaiki / menyempurnakan'),
(693, 'en', 'improve / better'),
(694, 'id', 'mengoreksi / memperbaiki kesalahan'),
(694, 'en', 'correct'),
(695, 'id', 'bersih'),
(695, 'en', 'clean'),
(696, 'id', 'kering (udara/iklim)'),
(696, 'en', 'dry / arid'),
(697, 'id', 'berani'),
(697, 'en', 'dare'),
(698, 'id', 'terharu / menyentuh'),
(698, 'en', 'moved / touched'),
(699, 'id', 'berterima kasih / bersyukur'),
(699, 'en', 'grateful / appreciate'),
(700, 'id', 'merasa / perasaan'),
(700, 'en', 'feel / sense'),
(701, 'id', 'terima kasih / bersyukur'),
(701, 'en', 'thank / grateful'),
(702, 'id', 'tertarik / berminat'),
(702, 'en', 'be interested in'),
(703, 'id', 'baru saja'),
(703, 'en', 'just now'),
(704, 'id', 'kebetulan / pas'),
(704, 'en', 'just / exactly'),
(705, 'id', 'tingkat tinggi / mewah'),
(705, 'en', 'high-level / senior'),
(706, 'id', 'gedung tinggi'),
(706, 'en', 'tall building'),
(707, 'id', 'jalan tol'),
(707, 'en', 'highway'),
(708, 'id', 'kereta cepat'),
(708, 'en', 'high-speed rail'),
(709, 'id', 'mengerjakan / melakukan / membuat'),
(709, 'en', 'to do / handle'),
(710, 'id', 'berpamitan / perpisahan'),
(710, 'en', 'say goodbye'),
(711, 'id', 'masing-masing / tiap'),
(711, 'en', 'each / every'),
(712, 'id', 'setiap / masing-masing'),
(712, 'en', 'each'),
(713, 'id', 'hadirin / kalian semua'),
(713, 'en', 'everybody'),
(714, 'id', 'tinggi badan / perawakan'),
(714, 'en', 'height / stature'),
(715, 'id', 'gaji'),
(715, 'en', 'salary / wages'),
(716, 'id', 'bus umum'),
(716, 'en', 'bus'),
(717, 'id', 'kilogram'),
(717, 'en', 'kilogram'),
(718, 'id', 'jalan raya'),
(718, 'en', 'highway / road'),
(719, 'id', 'taman'),
(719, 'en', 'park'),
(720, 'id', 'kung fu / keahlian / waktu'),
(720, 'en', 'kung fu / skill'),
(721, 'id', 'bersama-sama / umum'),
(721, 'en', 'common / joint'),
(722, 'id', 'anjing'),
(722, 'en', 'dog'),
(723, 'id', 'cukup'),
(723, 'en', 'enough'),
(724, 'id', 'belanja'),
(724, 'en', 'shopping'),
(725, 'id', 'memperkirakan / taksiran'),
(725, 'en', 'estimate'),
(726, 'id', 'mendorong / menyemangati'),
(726, 'en', 'encourage'),
(727, 'id', 'gadis / perempuan muda'),
(727, 'en', 'girl / young lady'),
(728, 'id', 'cerita / kisah'),
(728, 'en', 'story'),
(729, 'id', 'sengaja'),
(729, 'en', 'deliberately'),
(730, 'id', 'pelanggan / pembeli'),
(730, 'en', 'customer'),
(731, 'id', 'menggantung / menutup telepon'),
(731, 'en', 'hang / hang up'),
(732, 'id', 'kunci / krusial'),
(732, 'en', 'key / crucial'),
(733, 'id', 'hubungan'),
(733, 'en', 'relation / relationship'),
(734, 'id', 'peduli / perhatian'),
(734, 'en', 'care about'),
(735, 'id', 'mengamati / observasi'),
(735, 'en', 'observe'),
(736, 'id', 'sudut pandang / opini'),
(736, 'en', 'point of view'),
(737, 'id', 'konsep / ide / pemikiran'),
(737, 'en', 'concept / notion'),
(738, 'id', 'penonton / pemirsa'),
(738, 'en', 'audience'),
(739, 'id', 'mengelola / manajemen'),
(739, 'en', 'manage / administration'),
(740, 'id', 'siaran / radio'),
(740, 'en', 'broadcast'),
(741, 'id', 'iklan'),
(741, 'en', 'advertisement'),
(742, 'id', 'jalan-jalan / cuci mata'),
(742, 'en', 'stroll / roam'),
(743, 'id', 'peraturan / ketentuan'),
(743, 'en', 'regulation'),
(744, 'id', 'mahal / mulia'),
(744, 'en', 'expensive / noble'),
(745, 'id', 'kewarganegaraan'),
(745, 'en', 'nationality'),
(746, 'id', 'internasional'),
(746, 'en', 'international'),
(747, 'id', 'negara'),
(747, 'en', 'country'),
(748, 'id', 'ternyata benar / sesuai dugaan'),
(748, 'en', 'as expected'),
(749, 'id', 'jus buah'),
(749, 'en', 'fruit juice'),
(750, 'id', 'melewati / menghabiskan waktu'),
(750, 'en', 'pass / spend time'),
(751, 'id', 'proses'),
(751, 'en', 'process'),
(752, 'id', 'masa lalu / lewat'),
(752, 'en', 'past / go over'),
(753, 'id', 'tertawa / ha'),
(753, 'en', 'laughter sound'),
(754, 'id', 'masih / juga'),
(754, 'en', 'still / also'),
(755, 'id', 'masih / atau (pilihan)'),
(755, 'en', 'still / or'),
(756, 'id', 'masih ada / selain itu'),
(756, 'en', 'besides / still have'),
(757, 'id', 'laut'),
(757, 'en', 'sea'),
(758, 'id', 'tepi laut / pantai'),
(758, 'en', 'seaside'),
(759, 'id', 'makanan laut'),
(759, 'en', 'seafood'),
(760, 'id', 'malu / tersipu'),
(760, 'en', 'shy'),
(761, 'id', 'berteriak / memanggil'),
(761, 'en', 'shout / yell'),
(762, 'id', 'keringat'),
(762, 'en', 'sweat'),
(763, 'id', 'Bahasa Mandarin'),
(763, 'en', 'Chinese language'),
(764, 'id', 'karakter Mandarin'),
(764, 'en', 'Chinese character'),
(765, 'id', 'jadwal penerbangan'),
(765, 'en', 'flight'),
(766, 'id', 'bagus / baik / sangat'),
(766, 'en', 'good / well'),
(767, 'id', 'enak dimakan'),
(767, 'en', 'delicious'),
(768, 'id', 'keuntungan / manfaat'),
(768, 'en', 'advantage / benefit'),
(769, 'id', 'bagus dilihat / cantik'),
(769, 'en', 'good-looking'),
(770, 'id', 'sepertinya'),
(770, 'en', 'seem like'),
(771, 'id', 'nomor / tanggal'),
(771, 'en', 'number / date'),
(772, 'id', 'nomor'),
(772, 'en', 'number'),
(773, 'id', 'minum'),
(773, 'en', 'drink'),
(774, 'id', 'dan / dengan'),
(774, 'en', 'and / with'),
(775, 'id', 'sungai'),
(775, 'en', 'river'),
(776, 'id', 'lulus kualifikasi / standar'),
(776, 'en', 'qualified'),
(777, 'id', 'cocok / sesuai'),
(777, 'en', 'suitable'),
(778, 'id', 'kotak / kardus'),
(778, 'en', 'box'),
(779, 'id', 'hitam / gelap'),
(779, 'en', 'black / dark'),
(780, 'id', 'warna hitam'),
(780, 'en', 'black color'),
(781, 'id', 'sangat'),
(781, 'en', 'very'),
(782, 'id', 'merah / populer'),
(782, 'en', 'red / popular'),
(783, 'id', 'warna merah'),
(783, 'en', 'red color'),
(784, 'id', 'monyet'),
(784, 'en', 'monkey'),
(785, 'id', 'setelah / belakang'),
(785, 'en', 'after / back'),
(786, 'id', 'di belakang'),
(786, 'en', 'behind'),
(787, 'id', 'lusa'),
(787, 'en', 'day after tomorrow'),
(788, 'id', 'menyesal'),
(788, 'en', 'regret'),
(789, 'id', 'tiba-tiba'),
(789, 'en', 'suddenly'),
(790, 'id', 'paspor'),
(790, 'en', 'passport'),
(791, 'id', 'saling'),
(791, 'en', 'each other'),
(792, 'id', 'bunga / menghabiskan'),
(792, 'en', 'flower / spend'),
(793, 'id', 'taman bunga'),
(793, 'en', 'garden'),
(794, 'id', 'Bahasa Mandarin'),
(794, 'en', 'Chinese language'),
(795, 'id', 'gambar / tampilan'),
(795, 'en', 'frame / picture'),
(796, 'id', 'lukisan / gambar'),
(796, 'en', 'painting / drawing'),
(797, 'id', 'buruk / rusak'),
(797, 'en', 'bad / broken'),
(798, 'id', 'selamat datang'),
(798, 'en', 'welcome'),
(799, 'id', 'menukar / mengganti'),
(799, 'en', 'exchange / change'),
(800, 'id', 'kuning'),
(800, 'en', 'yellow'),
(801, 'id', 'kembali / pulang'),
(801, 'en', 'return / go back'),
(802, 'id', 'menjawab'),
(802, 'en', 'answer / reply'),
(803, 'id', 'datang kembali / pulang'),
(803, 'en', 'come back'),
(804, 'id', 'bisa / akan / rapat'),
(804, 'en', 'can / will / meeting'),
(805, 'id', 'rapat / konferensi'),
(805, 'en', 'meeting / conference'),
(806, 'id', 'kegiatan / aktivitas'),
(806, 'en', 'activity / event'),
(807, 'id', 'api / populer'),
(807, 'en', 'fire / trend'),
(808, 'id', 'stasiun kereta api'),
(808, 'en', 'railway station'),
(809, 'id', 'mendapatkan / meraih'),
(809, 'en', 'obtain / gain'),
(810, 'id', 'atau (pernyataan)'),
(810, 'en', 'or'),
(811, 'id', 'kesempatan / peluang'),
(811, 'en', 'opportunity / chance'),
(812, 'id', 'dasar / fondasi'),
(812, 'en', 'foundation / basis'),
(813, 'id', 'telur ayam'),
(813, 'en', 'chicken egg'),
(814, 'id', 'sangat / amat'),
(814, 'en', 'extremely'),
(815, 'id', 'berkumpul / himpunan'),
(815, 'en', 'gather / assemble'),
(816, 'id', 'rencana / berencana'),
(816, 'en', 'plan'),
(817, 'id', 'komputer'),
(817, 'en', 'computer'),
(818, 'id', 'mencatat / rekor'),
(818, 'en', 'record'),
(819, 'id', 'wartawan / jurnalis'),
(819, 'en', 'journalist / reporter'),
(820, 'id', 'teknologi / teknik'),
(820, 'en', 'technology / skill'),
(821, 'id', 'melanjutkan'),
(821, 'en', 'continue'),
(822, 'id', 'rumah / keluarga'),
(822, 'en', 'home / family'),
(823, 'id', 'furnitur / mebel'),
(823, 'en', 'furniture'),
(824, 'id', 'bertahan / gigih'),
(824, 'en', 'persist / insist'),
(825, 'id', 'memeriksa'),
(825, 'en', 'check / examine'),
(826, 'id', 'sederhana / mudah'),
(826, 'en', 'simple / easy'),
(827, 'id', 'bertemu'),
(827, 'en', 'meet / see each other'),
(828, 'id', 'sehat / kesehatan'),
(828, 'en', 'healthy / health'),
(829, 'id', 'berbicara / menjelaskan / bercerita'),
(829, 'en', 'speak / explain'),
(830, 'id', 'bonus / hadiah uang'),
(830, 'en', 'bonus / prize money'),
(831, 'id', 'mendarat / turun'),
(831, 'en', 'land / descend'),
(832, 'id', 'menyerahkan / berteman'),
(832, 'en', 'hand over / pay / make friends'),
(833, 'id', 'bertukar / komunikasi'),
(833, 'en', 'exchange / communicate'),
(834, 'id', 'transportasi / lalu lintas'),
(834, 'en', 'traffic / transport'),
(835, 'id', 'pinggiran kota'),
(835, 'en', 'suburbs / outskirts'),
(836, 'id', 'sombong / bangga'),
(836, 'en', 'proud / arrogant'),
(837, 'id', 'sudut / unit uang'),
(837, 'en', 'angle / corner / 0.1 yuan'),
(838, 'id', 'kaki'),
(838, 'en', 'foot'),
(839, 'id', 'mengaduk'),
(839, 'en', 'stir / mix'),
(840, 'id', 'pengajar / guru'),
(840, 'en', 'teacher'),
(841, 'id', 'profesor'),
(841, 'en', 'professor'),
(842, 'id', 'pendidikan / mendidik'),
(842, 'en', 'education / teach'),
(843, 'id', 'pangsit / jiaozi'),
(843, 'en', 'dumplings'),
(844, 'id', 'memanggil / bernama'),
(844, 'en', 'call / be named'),
(845, 'id', 'menerima / menjemput'),
(845, 'en', 'pick up / receive'),
(846, 'id', 'menerima'),
(846, 'en', 'accept / receive'),
(847, 'id', 'jalan / jalan raya'),
(847, 'en', 'street'),
(848, 'id', 'acara / program'),
(848, 'en', 'program / show'),
(849, 'id', 'hari raya / festival'),
(849, 'en', 'festival / holiday'),
(850, 'id', 'hasil / akhirnya'),
(850, 'en', 'result / outcome'),
(851, 'id', 'struktur'),
(851, 'en', 'structure'),
(852, 'id', 'menggabungkan / kombinasi'),
(852, 'en', 'combine / join'),
(853, 'id', 'menikah'),
(853, 'en', 'get married'),
(854, 'id', 'berakhir / selesai'),
(854, 'en', 'end / finish'),
(855, 'id', 'menyelesaikan (masalah)'),
(855, 'en', 'solve / settle'),
(856, 'id', 'menjelaskan / penjelasan'),
(856, 'en', 'explain / explanation'),
(857, 'id', 'kakak perempuan'),
(857, 'en', 'elder sister'),
(858, 'id', 'memperkenalkan'),
(858, 'en', 'introduce'),
(859, 'id', 'meminjam'),
(859, 'en', 'borrow / lend'),
(860, 'id', 'jin (0.5 kg)'),
(860, 'en', 'catty (half a kilogram)'),
(861, 'id', 'ke depannya / nanti'),
(861, 'en', 'hereafter / from now on'),
(862, 'id', 'hari ini'),
(862, 'en', 'today'),
(863, 'id', 'tahun ini'),
(863, 'en', 'this year'),
(864, 'id', 'hari ini'),
(864, 'en', 'today'),
(865, 'id', 'tegang / gugup'),
(865, 'en', 'nervous / tense'),
(866, 'id', 'dekat'),
(866, 'en', 'near / close'),
(867, 'id', 'masuk / maju'),
(867, 'en', 'enter'),
(868, 'id', 'kemajuan / maju'),
(868, 'en', 'progress / improve'),
(869, 'id', 'melakukan / berlangsung'),
(869, 'en', 'conduct / carry out'),
(870, 'id', 'belakangan ini / baru-baru ini'),
(870, 'en', 'recently / lately'),
(871, 'id', 'melarang / dilarang'),
(871, 'en', 'prohibit / forbid'),
(872, 'id', 'luar biasa / spektakuler'),
(872, 'en', 'wonderful / brilliant'),
(873, 'id', 'semangat / jiwa'),
(873, 'en', 'spirit / mind'),
(874, 'id', 'sering'),
(874, 'en', 'often'),
(875, 'id', 'klasik'),
(875, 'en', 'classic'),
(876, 'id', 'melewati / melalui'),
(876, 'en', 'pass through / undergo'),
(877, 'id', 'ekonomi'),
(877, 'en', 'economy'),
(878, 'id', 'manajer'),
(878, 'en', 'manager'),
(879, 'id', 'pengalaman'),
(879, 'en', 'experience'),
(880, 'id', 'mengelola / mengoperasikan'),
(880, 'en', 'manage / operate'),
(881, 'id', 'Opera Beijing'),
(881, 'en', 'Beijing Opera'),
(882, 'id', 'polisi'),
(882, 'en', 'police'),
(883, 'id', 'pemandangan'),
(883, 'en', 'scenery / view'),
(884, 'id', 'tenang / diam'),
(884, 'en', 'quiet / still'),
(885, 'id', 'bersaing / kompetisi'),
(885, 'en', 'competition / compete'),
(886, 'id', 'ternyata / secara tak terduga'),
(886, 'en', 'unexpectedly'),
(887, 'id', 'cermin'),
(887, 'en', 'mirror'),
(888, 'id', 'sebenarnya / akhirnya'),
(888, 'en', 'after all / actually'),
(889, 'id', 'sembilan'),
(889, 'en', 'nine'),
(890, 'id', 'lama'),
(890, 'en', 'long time'),
(891, 'id', 'arak / minuman beralkohol'),
(891, 'en', 'alcohol / wine'),
(892, 'id', 'hotel / restoran'),
(892, 'en', 'hotel / wine shop'),
(893, 'id', 'langsung / segera'),
(893, 'en', 'then / right away'),
(894, 'id', 'akan segera'),
(894, 'en', 'be about to'),
(895, 'id', 'menyelenggarakan / mengadakan'),
(895, 'en', 'hold / conduct'),
(896, 'id', 'mengadakan / dilangsungkan'),
(896, 'en', 'hold (ceremony/event)'),
(897, 'id', 'menolak'),
(897, 'en', 'refuse / reject'),
(898, 'id', 'jarak'),
(898, 'en', 'distance'),
(899, 'id', 'kalimat'),
(899, 'en', 'sentence'),
(900, 'id', 'memutuskan / keputusan'),
(900, 'en', 'decide / decision'),
(901, 'id', 'kopi'),
(901, 'en', 'coffee'),
(902, 'id', 'kartu'),
(902, 'en', 'card'),
(903, 'id', 'buka / menyala / mengendarai'),
(903, 'en', 'open / turn on'),
(904, 'id', 'mulai'),
(904, 'en', 'start / begin'),
(905, 'id', 'bercanda'),
(905, 'en', 'joke / make fun of'),
(906, 'id', 'mulai sekolah (semester baru)'),
(906, 'en', 'school starts'),
(907, 'id', 'melihat / membaca'),
(907, 'en', 'look / see / read'),
(908, 'id', 'melihat / tampak'),
(908, 'en', 'see / catch sight of'),
(909, 'id', 'ujian'),
(909, 'en', 'exam'),
(910, 'id', 'buah (satuan pohon)'),
(910, 'en', 'measure word for trees'),
(911, 'id', 'sains / ilmu pengetahuan'),
(911, 'en', 'science'),
(912, 'id', 'batuk'),
(912, 'en', 'cough'),
(913, 'id', 'mungkin'),
(913, 'en', 'possible / maybe'),
(914, 'id', 'tetapi'),
(914, 'en', 'but / however'),
(915, 'id', 'lucu / imut / manis'),
(915, 'en', 'cute / lovely'),
(916, 'id', 'boleh / bisa'),
(916, 'en', 'can / may'),
(917, 'id', 'seperempat jam (15 mnt)'),
(917, 'en', 'quarter (time)'),
(918, 'id', 'pelajaran / kelas'),
(918, 'en', 'lesson / class'),
(919, 'id', 'buku cetak / buku pelajaran'),
(919, 'en', 'textbook'),
(920, 'id', 'teks pelajaran'),
(920, 'en', 'text'),
(921, 'id', 'sopan / sungkan'),
(921, 'en', 'polite'),
(922, 'id', 'tamu'),
(922, 'en', 'guest'),
(923, 'id', 'udara'),
(923, 'en', 'air'),
(924, 'id', 'AC / pendingin ruangan'),
(924, 'en', 'air conditioner'),
(925, 'id', 'mulut / satuan orang'),
(925, 'en', 'mouth / MW'),
(926, 'id', 'menangis'),
(926, 'en', 'cry'),
(927, 'id', 'pahit'),
(927, 'en', 'bitter'),
(928, 'id', 'celana'),
(928, 'en', 'trousers'),
(929, 'id', 'potong / satuan uang'),
(929, 'en', 'piece / yuan'),
(930, 'id', 'cepat / segera'),
(930, 'en', 'fast / quick'),
(931, 'id', 'bahagia / senang'),
(931, 'en', 'happy'),
(932, 'id', 'sumpit'),
(932, 'en', 'chopsticks'),
(933, 'id', 'lebar / luas'),
(933, 'en', 'wide'),
(934, 'id', 'air mineral'),
(934, 'en', 'mineral water'),
(935, 'id', 'sulit / kesulitan'),
(935, 'en', 'difficulty / hard'),
(936, 'id', 'memperluas / memperbesar'),
(936, 'en', 'expand / enlarge'),
(937, 'id', 'menarik / menyeret'),
(937, 'en', 'pull'),
(938, 'id', 'tempat sampah'),
(938, 'en', 'trash can'),
(939, 'id', 'pedas'),
(939, 'en', 'spicy / hot'),
(940, 'id', 'datang'),
(940, 'en', 'come'),
(941, 'id', 'tidak sempat / terlambat'),
(941, 'en', 'not enough time'),
(942, 'id', 'masih sempat'),
(942, 'en', 'enough time'),
(943, 'id', 'biru'),
(943, 'en', 'blue'),
(944, 'id', 'warna biru'),
(944, 'en', 'blue color'),
(945, 'id', 'malas'),
(945, 'en', 'lazy'),
(946, 'id', 'membuang-buang / pemborosan'),
(946, 'en', 'waste'),
(947, 'id', 'guru'),
(947, 'en', 'teacher'),
(948, 'id', 'sudah (partikel)'),
(948, 'en', 'past marker'),
(949, 'id', 'lelah'),
(949, 'en', 'tired'),
(950, 'id', 'dingin'),
(950, 'en', 'cold'),
(951, 'id', 'dari / berjarak'),
(951, 'en', 'away from'),
(952, 'id', 'meninggalkan / pergi dari'),
(952, 'en', 'leave / depart'),
(953, 'id', 'hadiah / kado'),
(953, 'en', 'gift / present'),
(954, 'id', 'di dalam'),
(954, 'en', 'inside'),
(955, 'id', 'sisi dalam'),
(955, 'en', 'inside'),
(956, 'id', 'potong rambut'),
(956, 'en', 'haircut'),
(957, 'id', 'memahami'),
(957, 'en', 'understand'),
(958, 'id', 'cita-cita / ideal'),
(958, 'en', 'ideal'),
(959, 'id', 'tenaga / kekuatan'),
(959, 'en', 'strength'),
(960, 'id', 'sejarah'),
(960, 'en', 'history'),
(961, 'id', 'memanfaatkan'),
(961, 'en', 'exploit / utilize'),
(962, 'id', 'contohnya'),
(962, 'en', 'for example'),
(963, 'id', 'contoh'),
(963, 'en', 'example'),
(964, 'id', 'dua / berdua'),
(964, 'en', 'two / both'),
(965, 'id', 'bahkan / menghubungkan'),
(965, 'en', 'even / join'),
(966, 'id', 'menghubungi'),
(966, 'en', 'contact'),
(967, 'id', 'wajah'),
(967, 'en', 'face'),
(968, 'id', 'berlatih / latihan'),
(968, 'en', 'practice / exercise'),
(969, 'id', 'sejuk / dingin'),
(969, 'en', 'cool'),
(970, 'id', 'dua (jumlah)'),
(970, 'en', 'two (amount)'),
(971, 'id', 'terang / bersinar'),
(971, 'en', 'bright'),
(972, 'id', 'mengobrol'),
(972, 'en', 'chat'),
(973, 'id', 'memahami / mengetahui'),
(973, 'en', 'understand / know'),
(974, 'id', 'tetangga'),
(974, 'en', 'neighbor'),
(975, 'id', 'nol'),
(975, 'en', 'zero'),
(976, 'id', 'uang receh / kembalian'),
(976, 'en', 'change / small money'),
(977, 'id', 'selain itu / yang lain'),
(977, 'en', 'another / besides'),
(978, 'id', 'tinggal / meninggalkan (pesan)'),
(978, 'en', 'stay / leave (behind)'),
(979, 'id', 'mahasiswa internasional'),
(979, 'en', 'international student'),
(980, 'id', 'mengalir'),
(980, 'en', 'flow'),
(981, 'id', 'lancar / fasih'),
(981, 'en', 'fluent'),
(982, 'id', 'populer / tren'),
(982, 'en', 'popular / trend'),
(983, 'id', 'enam'),
(983, 'en', 'six'),
(984, 'id', 'lantai / gedung'),
(984, 'en', 'building / floor'),
(985, 'id', 'lantai atas'),
(985, 'en', 'upstairs'),
(986, 'id', 'lantai bawah'),
(986, 'en', 'downstairs'),
(987, 'id', 'jalan'),
(987, 'en', 'road'),
(988, 'id', 'persimpangan jalan'),
(988, 'en', 'intersection'),
(989, 'id', 'di perjalanan / jalan'),
(989, 'en', 'on the way'),
(990, 'id', 'wisata / bepergian'),
(990, 'en', 'travel / tourism'),
(991, 'id', 'hijau'),
(991, 'en', 'green'),
(992, 'id', 'warna hijau'),
(992, 'en', 'green color'),
(993, 'id', 'berantakan / kacau'),
(993, 'en', 'messy / chaotic'),
(994, 'id', 'ibu'),
(994, 'en', 'mom'),
(995, 'id', 'merepotkan / masalah'),
(995, 'en', 'trouble / bothersome'),
(996, 'id', 'kuda'),
(996, 'en', 'horse'),
(997, 'id', 'jalan raya'),
(997, 'en', 'street / road'),
(998, 'id', 'segera / langsung'),
(998, 'en', 'immediately'),
(999, 'id', 'puas'),
(999, 'en', 'satisfied'),
(1000, 'id', 'kucing'),
(1000, 'en', 'cat'),
(1001, 'id', 'rambut / bulu'),
(1001, 'en', 'hair / fur'),
(1002, 'id', 'masalah / kesalahan / penyakit'),
(1002, 'en', 'fault / problem'),
(1003, 'id', 'kuas tulis (kaligrafi)'),
(1003, 'en', 'writing brush'),
(1004, 'id', 'handuk'),
(1004, 'en', 'towel'),
(1005, 'id', 'sweater / baju wol'),
(1005, 'en', 'sweater'),
(1006, 'id', 'topi'),
(1006, 'en', 'hat'),
(1007, 'id', 'tidak (ada)'),
(1007, 'en', 'not / no'),
(1008, 'id', 'tidak apa-apa / tidak masalah'),
(1008, 'en', 'no problem'),
(1009, 'id', 'bukan apa-apa / tidak ada apa-apa'),
(1009, 'en', 'nothing / it''s nothing'),
(1010, 'id', 'tidak apa-apa / bebas tugas'),
(1010, 'en', 'it''s okay / have nothing to do'),
(1011, 'id', 'tidak ada / tidak punya'),
(1011, 'en', 'not have / there is not'),
(1012, 'id', 'setiap'),
(1012, 'en', 'every'),
(1013, 'id', 'setiap (unit)'),
(1013, 'en', 'every one'),
(1014, 'id', 'indah / cantik'),
(1014, 'en', 'beautiful'),
(1015, 'id', 'cantik / molek'),
(1015, 'en', 'beautiful'),
(1016, 'id', 'makanan lezat / kuliner'),
(1016, 'en', 'delicious food'),
(1017, 'id', 'seni rupa / seni'),
(1017, 'en', 'fine arts'),
(1018, 'id', 'pintu / satuan pelajaran'),
(1018, 'en', 'door / MW for subjects'),
(1019, 'id', 'pintu masuk / gerbang'),
(1019, 'en', 'entrance'),
(1020, 'id', 'tiket masuk'),
(1020, 'en', 'entrance ticket'),
(1021, 'id', 'para (penjamak orang)'),
(1021, 'en', 'plural marker'),
(1022, 'id', 'beras / meter'),
(1022, 'en', 'rice / meter'),
(1023, 'id', 'nasi putih'),
(1023, 'en', 'steamed rice'),
(1024, 'id', 'mie / sisi / wajah'),
(1024, 'en', 'noodles / side / face'),
(1025, 'id', 'roti'),
(1025, 'en', 'bread'),
(1026, 'id', 'menghadapi'),
(1026, 'en', 'to face / confront'),
(1027, 'id', 'luas wilayah / area'),
(1027, 'en', 'area / surface area'),
(1028, 'id', 'dihadapkan pada'),
(1028, 'en', 'be faced with'),
(1029, 'id', 'mie'),
(1029, 'en', 'noodles'),
(1030, 'id', 'mendeskripsikan / menggambarkan'),
(1030, 'en', 'describe / portray'),
(1031, 'id', 'detik'),
(1031, 'en', 'second'),
(1032, 'id', 'bangsa / suku / etnis'),
(1032, 'en', 'nationality / ethnic group'),
(1033, 'id', 'mengerti / jelas'),
(1033, 'en', 'understand / clear'),
(1034, 'id', 'jelas / tegas'),
(1034, 'en', 'clear-cut / definite'),
(1035, 'id', 'tahun depan'),
(1035, 'en', 'next year'),
(1036, 'id', 'besok'),
(1036, 'en', 'tomorrow'),
(1037, 'id', 'jelas / nyata'),
(1037, 'en', 'obvious / apparent'),
(1038, 'id', 'bintang / selebriti'),
(1038, 'en', 'star / celebrity'),
(1039, 'id', 'nama'),
(1039, 'en', 'name'),
(1040, 'id', 'nyawa / nasib'),
(1040, 'en', 'life / fate'),
(1041, 'id', 'perintah'),
(1041, 'en', 'command / order'),
(1042, 'id', 'menyentuh / meraba'),
(1042, 'en', 'touch / feel'),
(1043, 'id', 'meniru / meneladani'),
(1043, 'en', 'imitate'),
(1044, 'id', 'kabur / samar / buram'),
(1044, 'en', 'vague / blurry'),
(1045, 'id', 'sepeda motor'),
(1045, 'en', 'motorcycle'),
(1046, 'id', 'asing / tidak dikenal'),
(1046, 'en', 'strange / unfamiliar'),
(1047, 'id', 'si anu / tertentu'),
(1047, 'en', 'certain / some'),
(1048, 'id', 'target / sasaran / tujuan'),
(1048, 'en', 'target / goal'),
(1049, 'id', 'tujuan / maksud'),
(1049, 'en', 'purpose / aim'),
(1050, 'id', 'daftar isi / katalog'),
(1050, 'en', 'catalog / table of contents'),
(1051, 'id', 'saat ini'),
(1051, 'en', 'at present / currently'),
(1052, 'id', 'kayu'),
(1052, 'en', 'wood / log'),
(1053, 'id', 'mengambil / memegang'),
(1053, 'en', 'take / hold'),
(1054, 'id', 'yang mana'),
(1054, 'en', 'which'),
(1055, 'id', 'di mana / masa sih (rendah hati)'),
(1055, 'en', 'where'),
(1056, 'id', 'di mana'),
(1056, 'en', 'where'),
(1057, 'id', 'yang mana saja'),
(1057, 'en', 'which ones'),
(1058, 'id', 'itu'),
(1058, 'en', 'that'),
(1059, 'id', 'di sana / sebelah sana'),
(1059, 'en', 'there / that side'),
(1060, 'id', 'di sana'),
(1060, 'en', 'there'),
(1061, 'id', 'di sana'),
(1061, 'en', 'there'),
(1062, 'id', 'itu semua'),
(1062, 'en', 'those'),
(1063, 'id', 'seperti itu / begitu'),
(1063, 'en', 'like that'),
(1064, 'id', 'susu'),
(1064, 'en', 'milk'),
(1065, 'id', 'nenek'),
(1065, 'en', 'grandma'),
(1066, 'id', 'sabar / kesabaran'),
(1066, 'en', 'patience'),
(1067, 'id', 'selatan'),
(1067, 'en', 'south'),
(1068, 'id', 'sisi selatan'),
(1068, 'en', 'south side'),
(1069, 'id', 'sulit'),
(1069, 'en', 'difficult'),
(1070, 'id', 'masa sih / apakah (retoris)'),
(1070, 'en', 'rhetorical question marker'),
(1071, 'id', 'sedih / sulit dilewati'),
(1071, 'en', 'sad / feel bad'),
(1072, 'id', 'jelek / buruk dilihat'),
(1072, 'en', 'ugly'),
(1073, 'id', 'tidak nyaman / menderita'),
(1073, 'en', 'feel unwell / uncomfortable'),
(1074, 'id', 'pantas saja / tidak heran'),
(1074, 'en', 'no wonder'),
(1075, 'id', 'langka / jarang terjadi'),
(1075, 'en', 'rare / hard to come by'),
(1076, 'id', 'sulit dihindari'),
(1076, 'en', 'hard to avoid'),
(1077, 'id', 'laki-laki'),
(1077, 'en', 'male'),
(1078, 'id', 'anak laki-laki'),
(1078, 'en', 'boy'),
(1079, 'id', 'pria'),
(1079, 'en', 'man'),
(1080, 'id', 'siswa laki-laki'),
(1080, 'en', 'boy student'),
(1081, 'id', 'otak / pikiran'),
(1081, 'en', 'brain / mind'),
(1082, 'id', 'ribut / membuat kebisingan'),
(1082, 'en', 'noisy / make a noise'),
(1083, 'id', 'partikel tanya / sedang'),
(1083, 'en', 'particle'),
(1084, 'id', 'di dalam'),
(1084, 'en', 'inside / within'),
(1085, 'id', 'isi / konten'),
(1085, 'en', 'content'),
(1086, 'id', 'bisa / sanggup'),
(1086, 'en', 'can / be able to'),
(1087, 'id', 'kemampuan'),
(1087, 'en', 'ability'),
(1088, 'id', 'mampu / bisa'),
(1088, 'en', 'can / be able to'),
(1089, 'id', 'kamu'),
(1089, 'en', 'you'),
(1090, 'id', 'kalian'),
(1090, 'en', 'you (plural)'),
(1091, 'id', 'tahun'),
(1091, 'en', 'year'),
(1092, 'id', 'dekade / era / zaman'),
(1092, 'en', 'decade / era'),
(1093, 'id', 'tingkat / kelas (sekolah)'),
(1093, 'en', 'grade / year'),
(1094, 'id', 'usia / umur'),
(1094, 'en', 'age'),
(1095, 'id', 'muda'),
(1095, 'en', 'young'),
(1096, 'id', 'burung'),
(1096, 'en', 'bird'),
(1097, 'id', 'Anda (sopan)'),
(1097, 'en', 'you (polite)'),
(1098, 'id', 'sapi / hebat (slang)'),
(1098, 'en', 'cow / bull'),
(1099, 'id', 'susu sapi'),
(1099, 'en', 'cow milk'),
(1100, 'id', 'melakukan / membuat / mengurus'),
(1100, 'en', 'do / handle / make'),
(1101, 'id', 'rajin / berusaha keras'),
(1101, 'en', 'diligent / hard-working'),
(1102, 'id', 'hangat'),
(1102, 'en', 'warm'),
(1103, 'id', 'kadang-kadang / sesekali'),
(1103, 'en', 'occasionally'),
(1104, 'id', 'mendaki gunung'),
(1104, 'en', 'climb a mountain'),
(1105, 'id', 'memukul / memotret / menepuk'),
(1105, 'en', 'pat / shoot / take photo'),
(1106, 'id', 'mengantre'),
(1106, 'en', 'line up'),
(1107, 'id', 'bola voli'),
(1107, 'en', 'volleyball'),
(1108, 'id', 'mengirim / mengutus'),
(1108, 'en', 'send / dispatch'),
(1109, 'id', 'piring'),
(1109, 'en', 'plate'),
(1110, 'id', 'berlari'),
(1110, 'en', 'run'),
(1111, 'id', 'menemani'),
(1111, 'en', 'accompany'),
(1112, 'id', 'teman'),
(1112, 'en', 'friend'),
(1113, 'id', 'murah'),
(1113, 'en', 'cheap'),
(1114, 'id', 'menipu'),
(1114, 'en', 'cheat'),
(1115, 'id', 'tiket'),
(1115, 'en', 'ticket'),
(1116, 'id', 'cantik / indah'),
(1116, 'en', 'beautiful'),
(1117, 'id', 'tenis meja / pingpong'),
(1117, 'en', 'table tennis'),
(1118, 'id', 'apel'),
(1118, 'en', 'apple'),
(1119, 'id', 'biasanya / hari biasa'),
(1119, 'en', 'usually / ordinary times'),
(1120, 'id', 'botol'),
(1120, 'en', 'bottle'),
(1121, 'id', 'rusak / pecah / sobek'),
(1121, 'en', 'broken / torn'),
(1122, 'id', 'anggur'),
(1122, 'en', 'grape'),
(1123, 'id', 'biasa / umum'),
(1123, 'en', 'common / ordinary'),
(1124, 'id', 'Bahasa Mandarin Standar'),
(1124, 'en', 'Mandarin Chinese'),
(1125, 'id', 'tujuh'),
(1125, 'en', 'seven'),
(1126, 'id', 'istri'),
(1126, 'en', 'wife'),
(1127, 'id', 'mengendarai (sepeda/kuda)'),
(1127, 'en', 'ride'),
(1128, 'id', 'aneh'),
(1128, 'en', 'strange'),
(1129, 'id', 'bangun / mulai'),
(1129, 'en', 'rise / start'),
(1130, 'id', 'bangun tidur'),
(1130, 'en', 'get up'),
(1131, 'id', 'bangun / berdiri'),
(1131, 'en', 'get up / stand up'),
(1132, 'id', 'iklim'),
(1132, 'en', 'climate'),
(1133, 'id', 'balon'),
(1133, 'en', 'balloon'),
(1134, 'id', 'mobil'),
(1134, 'en', 'car'),
(1135, 'id', 'minuman bersoda / air limun'),
(1135, 'en', 'soda / soft drink'),
(1136, 'id', 'pensil'),
(1136, 'en', 'pencil'),
(1137, 'id', 'ribu'),
(1137, 'en', 'thousand'),
(1138, 'id', 'uang'),
(1138, 'en', 'money'),
(1139, 'id', 'dompet'),
(1139, 'en', 'wallet'),
(1140, 'id', 'depan / sebelum'),
(1140, 'en', 'front / before'),
(1141, 'id', 'di depan'),
(1141, 'en', 'in front'),
(1142, 'id', 'kemarin lusa'),
(1142, 'en', 'day before yesterday'),
(1143, 'id', 'dangkal / muda (warna)'),
(1143, 'en', 'shallow / light (color)'),
(1144, 'id', 'jembatan'),
(1144, 'en', 'bridge'),
(1145, 'id', 'cokelat'),
(1145, 'en', 'chocolate'),
(1146, 'id', 'ramah / hangat / akrab'),
(1146, 'en', 'kind / cordial'),
(1147, 'id', 'kerabat / saudara'),
(1147, 'en', 'relatives'),
(1148, 'id', 'ringan'),
(1148, 'en', 'light'),
(1149, 'id', 'santai / rileks'),
(1149, 'en', 'relaxed / easy'),
(1150, 'id', 'jelas / paham'),
(1150, 'en', 'clear / distinct'),
(1151, 'id', 'cerah'),
(1151, 'en', 'sunny'),
(1152, 'id', 'hari cerah'),
(1152, 'en', 'sunny day'),
(1153, 'id', 'situasi / kondisi'),
(1153, 'en', 'situation / condition'),
(1154, 'id', 'silakan / tolong / undang'),
(1154, 'en', 'please / invite'),
(1155, 'id', 'minta izin (libur)'),
(1155, 'en', 'ask for leave'),
(1156, 'id', 'silakan masuk'),
(1156, 'en', 'please come in'),
(1157, 'id', 'mentraktir / menjamu'),
(1157, 'en', 'treat / entertain guests'),
(1158, 'id', 'permisi (tanya)'),
(1158, 'en', 'excuse me (to ask)'),
(1159, 'id', 'silakan duduk'),
(1159, 'en', 'please sit down'),
(1160, 'id', 'merayakan'),
(1160, 'en', 'celebrate'),
(1161, 'id', 'bola'),
(1161, 'en', 'ball'),
(1162, 'id', 'sepatu olahraga'),
(1162, 'en', 'sneakers / sports shoes'),
(1163, 'id', 'pergi'),
(1163, 'en', 'go'),
(1164, 'id', 'tahun lalu'),
(1164, 'en', 'last year'),
(1165, 'id', 'seluruhnya / semua'),
(1165, 'en', 'whole / all'),
(1166, 'id', 'sekeluarga'),
(1166, 'en', 'whole family'),
(1167, 'id', 'sepanjang tahun'),
(1167, 'en', 'whole year'),
(1168, 'id', 'seluruh tubuh'),
(1168, 'en', 'whole body'),
(1169, 'id', 'seharian penuh'),
(1169, 'en', 'all day'),
(1170, 'id', 'kekurangan / kelemahan'),
(1170, 'en', 'shortcoming / flaw'),
(1171, 'id', 'namun / tetapi'),
(1171, 'en', 'but / yet'),
(1172, 'id', 'memang / benar-benar'),
(1172, 'en', 'indeed / truly'),
(1173, 'id', 'kelompok / kawanan'),
(1173, 'en', 'group / crowd'),
(1174, 'id', 'rok'),
(1174, 'en', 'skirt'),
(1175, 'id', 'membiarkan / menyuruh / mengalah'),
(1175, 'en', 'let / allow'),
(1176, 'id', 'panas'),
(1176, 'en', 'hot'),
(1177, 'id', 'ramai / meriah'),
(1177, 'en', 'lively / bustling'),
(1178, 'id', 'antusias / ramah'),
(1178, 'en', 'enthusiastic / warm'),
(1179, 'id', 'orang'),
(1179, 'en', 'person / people'),
(1180, 'id', 'populasi / jumlah penduduk'),
(1180, 'en', 'population'),
(1181, 'id', 'orang-orang'),
(1181, 'en', 'people'),
(1182, 'id', 'Yuan (mata uang Tiongkok)'),
(1182, 'en', 'RMB'),
(1183, 'id', 'kehidupan'),
(1183, 'en', 'life'),
(1184, 'id', 'jumlah orang'),
(1184, 'en', 'number of people'),
(1185, 'id', 'kenal'),
(1185, 'en', 'know / recognize'),
(1186, 'id', 'berpendapat / menganggap'),
(1186, 'en', 'think / consider'),
(1187, 'id', 'serius / sungguh-sungguh'),
(1187, 'en', 'earnest / serious'),
(1188, 'id', 'hari / matahari'),
(1188, 'en', 'day / sun'),
(1189, 'id', 'harian / koran harian'),
(1189, 'en', 'daily newspaper'),
(1190, 'id', 'buku harian'),
(1190, 'en', 'diary'),
(1191, 'id', 'tanggal'),
(1191, 'en', 'date'),
(1192, 'id', 'barang kebutuhan sehari-hari'),
(1192, 'en', 'daily necessities'),
(1193, 'id', 'mudah'),
(1193, 'en', 'easy'),
(1194, 'id', 'bulu halus / down'),
(1194, 'en', 'fluff / down'),
(1195, 'id', 'daging'),
(1195, 'en', 'meat'),
(1196, 'id', 'tiga'),
(1196, 'en', 'three'),
(1197, 'id', 'payung'),
(1197, 'en', 'umbrella'),
(1198, 'id', 'jalan-jalan santai'),
(1198, 'en', 'take a walk'),
(1199, 'id', 'tenggorokan / suara'),
(1199, 'en', 'throat / voice'),
(1200, 'id', 'hutan'),
(1200, 'en', 'forest'),
(1201, 'id', 'sofa'),
(1201, 'en', 'sofa'),
(1202, 'id', 'membunuh'),
(1202, 'en', 'kill'),
(1203, 'id', 'menjemur / menyinari'),
(1203, 'en', 'dry in the sun'),
(1204, 'id', 'gunung'),
(1204, 'en', 'mountain'),
(1205, 'id', 'kilat / petir'),
(1205, 'en', 'lightning'),
(1206, 'id', 'kipas'),
(1206, 'en', 'fan'),
(1207, 'id', 'baik hati'),
(1207, 'en', 'kind-hearted'),
(1208, 'id', 'pandai dalam / mahir'),
(1208, 'en', 'be good at'),
(1209, 'id', 'melukai / menyakiti'),
(1209, 'en', 'harm / hurt'),
(1210, 'id', 'barang dagangan / komoditas'),
(1210, 'en', 'goods / commodity'),
(1211, 'id', 'bisnis / perdagangan'),
(1211, 'en', 'business / commerce'),
(1212, 'id', 'atas / naik / masuk'),
(1212, 'en', 'up / above / enter'),
(1213, 'id', 'masuk kerja'),
(1213, 'en', 'go to work'),
(1214, 'id', 'tertipu'),
(1214, 'en', 'be cheated / fooled'),
(1215, 'id', 'mengakses internet'),
(1215, 'en', 'surf the internet'),
(1216, 'id', 'pagi hari'),
(1216, 'en', 'morning'),
(1217, 'id', 'sedikit / agak'),
(1217, 'en', 'slightly / a bit'),
(1218, 'id', 'sedikit'),
(1218, 'en', 'few / less'),
(1219, 'id', 'ular'),
(1219, 'en', 'snake'),
(1220, 'id', 'lidah'),
(1220, 'en', 'tongue'),
(1221, 'id', 'masyarakat'),
(1221, 'en', 'society'),
(1222, 'id', 'tidak tega / enggan berpisah'),
(1222, 'en', 'loath to part with'),
(1223, 'id', 'peralatan / fasilitas'),
(1223, 'en', 'equipment / facility'),
(1224, 'id', 'mendesain / rancangan'),
(1224, 'en', 'design'),
(1225, 'id', 'fasilitas / sarana'),
(1225, 'en', 'facilities'),
(1226, 'id', 'tubuh / kesehatan'),
(1226, 'en', 'body / health'),
(1227, 'id', 'dalam / tua (warna)'),
(1227, 'en', 'deep / dark (color)'),
(1228, 'id', 'bahkan'),
(1228, 'en', 'even / so far as to'),
(1229, 'id', 'naik / liter'),
(1229, 'en', 'rise / liter'),
(1230, 'id', 'kosakata baru'),
(1230, 'en', 'new word'),
(1231, 'id', 'kehidupan / hidup'),
(1231, 'en', 'life'),
(1232, 'id', 'nyawa / kehidupan'),
(1232, 'en', 'life'),
(1233, 'id', 'ulang tahun'),
(1233, 'en', 'birthday'),
(1234, 'id', 'suara'),
(1234, 'en', 'sound / voice'),
(1235, 'id', 'provinsi / menghemat'),
(1235, 'en', 'province / save'),
(1236, 'id', 'sisa / menyisakan'),
(1236, 'en', 'surplus / left over'),
(1237, 'id', 'gagal'),
(1237, 'en', 'fail / failure'),
(1238, 'id', 'kecewa'),
(1238, 'en', 'disappointed'),
(1239, 'id', 'guru / pak (panggilan ahli/sopir)'),
(1239, 'en', 'master / mr. (polite call)'),
(1240, 'id', 'basah / lembap'),
(1240, 'en', 'wet / humid'),
(1241, 'id', 'singa'),
(1241, 'en', 'lion'),
(1242, 'id', 'sepuluh'),
(1242, 'en', 'ten'),
(1243, 'id', 'sangat / amat'),
(1243, 'en', 'extremely'),
(1244, 'id', 'zaman / era'),
(1244, 'en', 'era / epoch'),
(1245, 'id', 'waktu / saat'),
(1245, 'en', 'time / moment'),
(1246, 'id', 'waktu'),
(1246, 'en', 'time'),
(1247, 'id', 'kenyataan / praktis'),
(1247, 'en', 'reality / practical'),
(1248, 'id', 'magang / praktik'),
(1248, 'en', 'internship / practice'),
(1249, 'id', 'mewujudkan / tercapai'),
(1249, 'en', 'realize / achieve'),
(1250, 'id', 'melaksanakan / menjalankan'),
(1250, 'en', 'implement / carry out'),
(1251, 'id', 'eksperimen / percobaan'),
(1251, 'en', 'experiment'),
(1252, 'id', 'makanan'),
(1252, 'en', 'food'),
(1253, 'id', 'kantin'),
(1253, 'en', 'canteen / cafeteria'),
(1254, 'id', 'menggunakan'),
(1254, 'en', 'use'),
(1255, 'id', 'adalah / ya'),
(1255, 'en', 'is / are / yes'),
(1256, 'id', 'pasar'),
(1256, 'en', 'market'),
(1257, 'id', 'hal / urusan'),
(1257, 'en', 'matter / thing'),
(1258, 'id', 'tangan'),
(1258, 'en', 'hand'),
(1259, 'id', 'ponsel'),
(1259, 'en', 'mobile phone'),
(1260, 'id', 'jam tangan'),
(1260, 'en', 'watch'),
(1261, 'id', 'buku'),
(1261, 'en', 'book'),
(1262, 'id', 'nyaman / enak (badan)'),
(1262, 'en', 'comfortable'),
(1263, 'id', 'matang / akrab'),
(1263, 'en', 'ripe / cooked / familiar'),
(1264, 'id', 'pohon'),
(1264, 'en', 'tree'),
(1265, 'id', 'matematika'),
(1265, 'en', 'mathematics'),
(1266, 'id', 'menggosok gigi'),
(1266, 'en', 'brush teeth'),
(1267, 'id', 'air'),
(1267, 'en', 'water'),
(1268, 'id', 'buah-buahan'),
(1268, 'en', 'fruit'),
(1269, 'id', 'tidur'),
(1269, 'en', 'sleep'),
(1270, 'id', 'tidur'),
(1270, 'en', 'sleep'),
(1271, 'id', 'berbicara'),
(1271, 'en', 'speak / talk'),
(1272, 'id', 'mengerjakan / membuat'),
(1272, 'en', 'do / make');

INSERT INTO example_translations (example_id, language, value) VALUES 
(501, 'id', 'Dia sudah datang ah.'),
(501, 'en', 'He has come.'),
(502, 'id', 'Ini adalah sebuah kisah cinta.'),
(502, 'en', 'This is a love story.'),
(503, 'id', 'Dia adalah pasangan saya.'),
(503, 'en', 'She is my spouse.'),
(504, 'id', 'Tolong tenang.'),
(504, 'en', 'Please be quiet.'),
(505, 'id', 'Di sini sangat aman.'),
(505, 'en', 'It is very safe here.'),
(506, 'id', 'Saya suka warna putih.'),
(506, 'en', 'I like white.'),
(507, 'id', 'Dia adalah ketua kelas kami.'),
(507, 'en', 'He is our class monitor.'),
(508, 'id', 'Harus bagaimana?'),
(508, 'en', 'What to do?'),
(509, 'id', 'Saya punya sebuah cara.'),
(509, 'en', 'I have a way.'),
(510, 'id', 'Dia ada di kantor.'),
(510, 'en', 'He is in the office.'),
(511, 'id', 'Sekarang tengah malam.'),
(511, 'en', 'It is midnight now.'),
(512, 'id', 'Terima kasih atas bantuanmu.'),
(512, 'en', 'Thank you for your help.'),
(513, 'id', 'Saya sudah kenyang.'),
(513, 'en', 'I am full.'),
(514, 'id', 'Saya membaca koran.'),
(514, 'en', 'I read the newspaper.'),
(515, 'id', 'Dia tinggal di wilayah utara.'),
(515, 'en', 'He lives in the north.'),
(516, 'id', 'Punggungnya sakit.'),
(516, 'en', 'His back hurts.'),
(517, 'id', 'Dia ada di belakang saya.'),
(517, 'en', 'He is behind me.'),
(518, 'id', 'Apel dimakan olehnya.'),
(518, 'en', 'The apple was eaten by him.'),
(519, 'id', 'Tadinya saya tidak ingin pergi.'),
(519, 'en', 'I originally didn''t want to go.'),
(520, 'id', 'Ini adalah buku catatan saya.'),
(520, 'en', 'This is my notebook.'),
(521, 'id', 'Dia tidak bodoh.'),
(521, 'en', 'He is not stupid.'),
(522, 'id', 'Hari ini lumayan dingin.'),
(522, 'en', 'Today is comparatively cold.'),
(523, 'id', 'Menonton pertandingan sepak bola.'),
(523, 'en', 'Watching a football match.'),
(524, 'id', 'Mencatat.'),
(524, 'en', 'Taking notes.'),
(525, 'id', 'Saya membeli laptop/buku catatan.'),
(525, 'en', 'I bought a notebook.'),
(526, 'id', 'Dia sudah lulus universitas.'),
(526, 'en', 'He graduated from university.'),
(527, 'id', 'Perubahan di sini sangat besar.'),
(527, 'en', 'The changes here are very big.'),
(528, 'id', 'Tolong katakan sekali lagi.'),
(528, 'en', 'Please say it again.'),
(529, 'id', 'Bahasa Mandarin-nya sangat standar.'),
(529, 'en', 'His Chinese is very standard.'),
(530, 'id', 'Mengungkapkan cinta saya.'),
(530, 'en', 'Express my love.'),
(531, 'id', 'Mengisi formulir.'),
(531, 'en', 'Fill out the form.'),
(532, 'id', 'Menunjukkan rasa terima kasih.'),
(532, 'en', 'Express gratitude.'),
(533, 'id', 'Menonton pertunjukan.'),
(533, 'en', 'Watching a performance.'),
(534, 'id', 'Guru memuji saya.'),
(534, 'en', 'The teacher praised me.'),
(535, 'id', 'Saya punya benda lain.'),
(535, 'en', 'I have other things.'),
(536, 'id', 'Ini adalah buku milik orang lain.'),
(536, 'en', 'This is someone else''s book.'),
(537, 'id', 'Jangan diungkit lagi, saya sangat sibuk.'),
(537, 'en', 'Don''t mention it, I''m very busy.'),
(538, 'id', 'Saya ingin makan es krim.'),
(538, 'en', 'I want to eat ice cream.'),
(539, 'id', 'Di dalam kulkas ada air.'),
(539, 'en', 'There is water in the fridge.'),
(540, 'id', 'Makan biskuit.'),
(540, 'en', 'Eating biscuits.'),
(541, 'id', 'Dia tidak hanya belajar, tapi juga bekerja.'),
(541, 'en', 'He is not only studying, but also working.'),
(542, 'id', 'Saya terpaksa pergi.'),
(542, 'en', 'I have to go.'),
(543, 'id', 'Bagaimanapun juga, saya harus pergi.'),
(543, 'en', 'No matter what, I must go.'),
(544, 'id', 'Dia sangat baik, namun sangat sibuk.'),
(544, 'en', 'He is nice, however he is busy.'),
(545, 'id', 'Maaf, saya datang terlambat.'),
(545, 'en', 'Sorry, I am late.'),
(546, 'id', 'Tidak lama setelah itu.'),
(546, 'en', 'Soon after.'),
(547, 'id', 'Dia sangat tidak puas.'),
(547, 'en', 'He is very dissatisfied.'),
(548, 'id', 'Cepatlah, kalau tidak akan terlambat.'),
(548, 'en', 'Hurry up, otherwise you will be late.'),
(549, 'id', 'Saya tidak sebaik dia.'),
(549, 'en', 'I am not as good as him.'),
(550, 'id', 'Mereka berbeda.'),
(550, 'en', 'They are different.'),
(551, 'id', 'Tidak usah berterima kasih.'),
(551, 'en', 'No need to thank.'),
(552, 'id', 'Sebagian.'),
(552, 'en', 'A part.'),
(553, 'id', 'Mengelap meja.'),
(553, 'en', 'Wipe the table.'),
(554, 'id', 'Tebaklah.'),
(554, 'en', 'Take a guess.'),
(555, 'id', 'Dia baru saja datang.'),
(555, 'en', 'He just arrived.'),
(556, 'id', 'Mempersiapkan bahan.'),
(556, 'en', 'Prepare materials.'),
(557, 'id', 'Tolong beri saya menu.'),
(557, 'en', 'Please give me the menu.'),
(558, 'id', 'Mengunjungi pabrik.'),
(558, 'en', 'Visit the factory.'),
(559, 'id', 'Ikut serta dalam lomba.'),
(559, 'en', 'Participate in the competition.'),
(560, 'id', 'Rumputnya sudah menghijau.'),
(560, 'en', 'The grass has turned green.'),
(561, 'id', 'Duduk di atas padang rumput.'),
(561, 'en', 'Sit on the grass.'),
(562, 'id', 'Gedung tiga lantai.'),
(562, 'en', 'Three floors.'),
(563, 'id', 'Pergi ke kedai teh minum teh.'),
(563, 'en', 'Go to the teahouse to drink tea.'),
(564, 'id', 'Membeli daun teh.'),
(564, 'en', 'Buy tea leaves.'),
(565, 'id', 'Jalan ini sangat panjang.'),
(565, 'en', 'This road is very long.'),
(566, 'id', 'Pergi ke Tembok Besar.'),
(566, 'en', 'Go to the Great Wall.'),
(567, 'id', 'Sungai Yangtze adalah sungai terpanjang di Tiongkok.'),
(567, 'en', 'Yangtze River is the longest river in China.'),
(568, 'id', 'Lapangan sepak bola.'),
(568, 'en', 'Football field.'),
(569, 'id', 'Dia bernyanyi dengan sangat merdu.'),
(569, 'en', 'She sings very well.'),
(570, 'id', 'Menyalin kosakata baru.'),
(570, 'en', 'Copy new words.'),
(571, 'id', 'Sudah melebihi satu jam.'),
(571, 'en', 'Exceeded one hour.'),
(572, 'id', 'Pahlawan super.'),
(572, 'en', 'Superhero.'),
(573, 'id', 'Pergi ke supermarket membeli sayur.'),
(573, 'en', 'Go to the supermarket to buy vegetables.'),
(574, 'id', 'Di luar sangat berisik.'),
(574, 'en', 'It is very noisy outside.'),
(575, 'id', 'Sebuah kemeja putih.'),
(575, 'en', 'A white shirt.'),
(576, 'id', 'Dia sudah berhasil.'),
(576, 'en', 'He succeeded.'),
(577, 'id', 'Nilai ujiannya sangat bagus.'),
(577, 'en', 'His grades are very good.'),
(578, 'id', 'Tiket masuk orang dewasa.'),
(578, 'en', 'Adult entrance ticket.'),
(579, 'id', 'Ini adalah sebuah kota besar.'),
(579, 'en', 'This is a big city.'),
(580, 'id', 'Naik pesawat.'),
(580, 'en', 'Ride a plane.'),
(581, 'id', 'Saya sangat terkejut.'),
(581, 'en', 'I am very surprised.'),
(582, 'id', 'Jangan terlambat.'),
(582, 'en', 'Don''t be late.'),
(583, 'id', 'Di dalam laci ada uang.'),
(583, 'en', 'There is money in the drawer.'),
(584, 'id', 'Di sini tidak boleh merokok.'),
(584, 'en', 'You can''t smoke here.'),
(585, 'id', 'Dia pergi ke Beijing untuk tugas luar.'),
(585, 'en', 'He went to Beijing on a business trip.'),
(586, 'id', 'Kita mau berangkat sekarang.'),
(586, 'en', 'We are about to set out.'),
(587, 'id', 'Dia lahir di Beijing.'),
(587, 'en', 'He was born in Beijing.'),
(588, 'id', 'Bulan sudah muncul.'),
(588, 'en', 'The moon appeared.'),
(589, 'id', 'Dia sedang memasak di dapur.'),
(589, 'en', 'She is cooking in the kitchen.'),
(590, 'id', 'Kecuali dia, semuanya sudah datang.'),
(590, 'en', 'Everyone came except him.'),
(591, 'id', 'Menyeberangi jalan raya.'),
(591, 'en', 'Cross the road.'),
(592, 'id', 'Tolong buka jendela.'),
(592, 'en', 'Please open the window.'),
(593, 'id', 'Tarik tirainya.'),
(593, 'en', 'Close the curtains.'),
(594, 'id', 'Menerobos lampu merah.'),
(594, 'en', 'Run a red light.'),
(595, 'id', 'Meniup lilin.'),
(595, 'en', 'Blow out the candles.'),
(596, 'id', 'Musim semi sangat hangat.'),
(596, 'en', 'Spring is very warm.'),
(597, 'id', 'Mendengarkan kaset.'),
(597, 'en', 'Listen to the tape.'),
(598, 'id', 'Mencari di kamus.'),
(598, 'en', 'Look up in the dictionary.'),
(599, 'id', 'Belajar istilah kata.'),
(599, 'en', 'Learn expressions.'),
(600, 'id', 'Dia sangat pintar.'),
(600, 'en', 'He is very smart.'),
(601, 'id', 'Saya sejak dulu tidak merokok.'),
(601, 'en', 'I never smoke.'),
(602, 'id', 'Dia melakukan sesuatu dengan sangat ceroboh.'),
(602, 'en', 'He is very careless in his work.'),
(603, 'id', 'Saya tahu jawabannya.'),
(603, 'en', 'I know the answer.'),
(604, 'id', 'Dia berdandan dengan sangat cantik.'),
(604, 'en', 'She dressed up very beautifully.'),
(605, 'id', 'Membersihkan kamar.'),
(605, 'en', 'Cleaning the room.'),
(606, 'id', 'Kamu besok ada rencana apa?'),
(606, 'en', 'What are your plans for tomorrow?'),
(607, 'id', 'Dia bekerja paruh waktu di restoran.'),
(607, 'en', 'He works part-time at a restaurant.'),
(608, 'id', 'Toko sedang diskon.'),
(608, 'en', 'The shop is having a sale.'),
(609, 'id', 'Dokter menyuntiknya.'),
(609, 'en', 'The doctor gave him an injection.'),
(610, 'id', 'Dia mungkin tidak datang lagi.'),
(610, 'en', 'He probably won''t come.'),
(611, 'id', 'Saya pergi ke kedutaan besar.'),
(611, 'en', 'I go to the embassy.'),
(612, 'id', 'Kira-kira jam sepuluh.'),
(612, 'en', 'About ten o''clock.'),
(613, 'id', 'Halo semuanya.'),
(613, 'en', 'Hello everyone.'),
(614, 'id', 'Saya tidak membawa uang.'),
(614, 'en', 'I didn''t bring money.'),
(615, 'id', 'Memakai kacamata.'),
(615, 'en', 'Wearing glasses.'),
(616, 'id', 'Dia mewakili kami.'),
(616, 'en', 'He represents us.'),
(617, 'id', 'Siapa yang bisa menggantikannya?'),
(617, 'en', 'Who can replace him?'),
(618, 'id', 'Dokter, terima kasih.'),
(618, 'en', 'Doctor, thank you.'),
(619, 'id', 'Jangan khawatir.'),
(619, 'en', 'Don''t worry.'),
(620, 'id', 'Membeli kue.'),
(620, 'en', 'Buy cake.'),
(621, 'id', 'Menjadi guru.'),
(621, 'en', 'To be a teacher.'),
(622, 'id', 'Tentu saja saya tahu.'),
(622, 'en', 'Of course I know.'),
(623, 'id', 'Saat itu saya tidak ada di sini.'),
(623, 'en', 'I was not here at that time.'),
(624, 'id', 'Di tengah-tengah air.'),
(624, 'en', 'In the middle of the water.'),
(625, 'id', 'Di mana-mana ada orang.'),
(625, 'en', 'There are people everywhere.'),
(626, 'id', 'Sebenarnya ada apa ini?'),
(626, 'en', 'What on earth happened?'),
(627, 'id', 'Minta maaf kepadanya.'),
(627, 'en', 'Apologize to him.'),
(628, 'id', 'Dia sangat bangga diri.'),
(628, 'en', 'He is very proud of himself.'),
(629, 'id', 'Dilakukan dengan baik.'),
(629, 'en', 'Well done.'),
(630, 'id', 'Ini adalah boarding pass saya.'),
(630, 'en', 'This is my boarding pass.'),
(631, 'id', 'Buah-buahan, bakpao, dan lain-lain.'),
(631, 'en', 'Fruit, buns, etc.'),
(632, 'id', 'Suaranya terlalu rendah/kecil.'),
(632, 'en', 'The sound is too low.'),
(633, 'id', 'Akhir tahun.'),
(633, 'en', 'End of the year.'),
(634, 'id', 'Naik kereta bawah tanah.'),
(634, 'en', 'Take the subway.'),
(635, 'id', 'Tolong tulis alamatnya.'),
(635, 'en', 'Please write down the address.'),
(636, 'id', 'Juara pertama.'),
(636, 'en', 'First place.'),
(637, 'id', 'Makan camilan.'),
(637, 'en', 'Eating snacks.'),
(638, 'id', 'Ganti baterai.'),
(638, 'en', 'Change the battery.'),
(639, 'id', 'Naik lift.'),
(639, 'en', 'Take the elevator.'),
(640, 'id', 'Kamus elektronik.'),
(640, 'en', 'Electronic dictionary.'),
(641, 'id', 'Kami sedang melakukan penyelidikan.'),
(641, 'en', 'We are investigating.'),
(642, 'id', 'Dompet saya hilang.'),
(642, 'en', 'I lost my wallet.'),
(643, 'id', 'Musim dingin sangat dingin.'),
(643, 'en', 'Winter is very cold.'),
(644, 'id', 'Kamu mengerti?'),
(644, 'en', 'Do you understand?'),
(645, 'id', 'Hewan kecil yang lucu.'),
(645, 'en', 'Cute little animals.'),
(646, 'id', 'Pergi ke kebun binatang.'),
(646, 'en', 'Go to the zoo.'),
(647, 'id', 'Gerakannya sangat cepat.'),
(647, 'en', 'His movements are very fast.'),
(648, 'id', 'Sakit perut.'),
(648, 'en', 'Stomach ache.'),
(649, 'id', 'Sepenggal perkataan.'),
(649, 'en', 'A short passage.'),
(650, 'id', 'Talinya putus.'),
(650, 'en', 'The rope is broken.'),
(651, 'id', 'Baik kepada saya.'),
(651, 'en', 'Be good to me.'),
(652, 'id', 'Percakapan antar siswa.'),
(652, 'en', 'Students'' conversation.'),
(653, 'id', 'Ada di seberang toko.'),
(653, 'en', 'Across from the shop.'),
(654, 'id', 'Satu porsi makanan.'),
(654, 'en', 'One meal.'),
(655, 'id', 'Betapa cantiknya.'),
(655, 'en', 'How beautiful.'),
(656, 'id', 'Berapa harganya?'),
(656, 'en', 'How much money?'),
(657, 'id', 'Taman anak-anak.'),
(657, 'en', 'Children''s park.'),
(658, 'id', 'Mengirim email.'),
(658, 'en', 'Send an email.'),
(659, 'id', 'Dia sedang demam.'),
(659, 'en', 'He has a fever.'),
(660, 'id', 'Apa yang sudah terjadi?'),
(660, 'en', 'What happened?'),
(661, 'id', 'Saya menyadari dia ada di sana.'),
(661, 'en', 'I found he was there.'),
(662, 'id', 'Mematuhi hukum.'),
(662, 'en', 'Obey the law.'),
(663, 'id', 'Pergi ke pengadilan.'),
(663, 'en', 'Go to the court.'),
(664, 'id', 'Dia adalah seorang penerjemah.'),
(664, 'en', 'He is a translator.'),
(665, 'id', 'Jangan cemas karena hal ini.'),
(665, 'en', 'Don''t worry about this.'),
(666, 'id', 'Saya tidak menentang.'),
(666, 'en', 'I don''t oppose.'),
(667, 'id', 'Reaksinya sangat cepat.'),
(667, 'en', 'His reaction is very fast.'),
(668, 'id', 'Pergi makan di restoran.'),
(668, 'en', 'Go to the restaurant to eat.'),
(669, 'id', 'Dalam jangkauan yang sangat luas.'),
(669, 'en', 'In a large scope.'),
(670, 'id', 'Di sini sangat praktis.'),
(670, 'en', 'It is very convenient here.'),
(671, 'id', 'Mempelajari metode belajar.'),
(671, 'en', 'Learn learning methods.'),
(672, 'id', 'Dalam banyak aspek.'),
(672, 'en', 'In many aspects.'),
(673, 'id', 'Mencari arah.'),
(673, 'en', 'Find direction.'),
(674, 'id', 'Memberikan uang sewa kepada pemilik rumah.'),
(674, 'en', 'Give rent to the landlord.'),
(675, 'id', 'Sewa rumahnya terlalu mahal.'),
(675, 'en', 'The rent is too expensive.'),
(676, 'id', 'Tolong tenang saja (jangan khawatir).'),
(676, 'en', 'Please rest assured.'),
(677, 'id', 'Dia sangat pintar.'),
(677, 'en', 'He is very smart.'),
(678, 'id', 'Naik pesawat.'),
(678, 'en', 'Ride a plane.'),
(679, 'id', 'Jam tiga lewat sepuluh menit.'),
(679, 'en', 'Ten past three.'),
(680, 'id', 'Pengalaman yang melimpah.'),
(680, 'en', 'Rich experience.'),
(681, 'id', 'Pemandangan di sini sungguh indah.'),
(681, 'en', 'The scenery here is really beautiful.'),
(682, 'id', 'Cepatlah, kalau tidak akan terlambat.'),
(682, 'en', 'Hurry up, otherwise you''ll be late.'),
(683, 'id', 'Mengulang pelajaran teks.'),
(683, 'en', 'Review the text.'),
(684, 'id', 'Memfotokopi data/materi.'),
(684, 'en', 'Photocopy materials.'),
(685, 'id', 'Masalah ini sangat rumit.'),
(685, 'en', 'This question is very complicated.'),
(686, 'id', 'Dia sangat bertanggung jawab.'),
(686, 'en', 'He is very responsible.'),
(687, 'id', 'Rumahnya ada di dekat sini.'),
(687, 'en', 'His house is nearby.'),
(688, 'id', 'Saya sayang ayah saya.'),
(688, 'en', 'I love my father.'),
(689, 'id', 'Waktunya tidur.'),
(689, 'en', 'Time to sleep.'),
(690, 'id', 'Mengubah pikiran/ide.'),
(690, 'en', 'Change one''s mind.'),
(691, 'id', 'Reformasi sosial.'),
(691, 'en', 'Social reform.'),
(692, 'id', 'Meningkatkan metode.'),
(692, 'en', 'Improve the method.'),
(693, 'id', 'Memperbaiki kehidupan.'),
(693, 'en', 'Improve living conditions.'),
(694, 'id', 'Mengoreksi kesalahan.'),
(694, 'en', 'Correct errors.'),
(695, 'id', 'Dibersihkan dengan sangat bersih.'),
(695, 'en', 'Cleaned very well.'),
(696, 'id', 'Cuacanya sangat kering.'),
(696, 'en', 'The weather is very dry.'),
(697, 'id', 'Dia tidak berani pergi.'),
(697, 'en', 'He doesn''t dare to go.'),
(698, 'id', 'Saya sangat terharu.'),
(698, 'en', 'I am very moved.'),
(699, 'id', 'Sangat berterima kasih kepadamu.'),
(699, 'en', 'Very grateful to you.'),
(700, 'id', 'Saya merasa sangat lelah.'),
(700, 'en', 'I feel very tired.'),
(701, 'id', 'Sangat berterima kasih kepadamu.'),
(701, 'en', 'Thank you very much.'),
(702, 'id', 'Saya tertarik dengan bahasa Mandarin.'),
(702, 'en', 'I am interested in Chinese.'),
(703, 'id', 'Tadi siapa yang datang?'),
(703, 'en', 'Who came just now?'),
(704, 'id', 'Tidak lebih tidak kurang, pas sekali.'),
(704, 'en', 'Neither too much nor too little, just right.'),
(705, 'id', 'Restoran mewah.'),
(705, 'en', 'High-end restaurant.'),
(706, 'id', 'Di kota ada banyak gedung tinggi.'),
(706, 'en', 'There are many tall buildings in the city.'),
(707, 'id', 'Lewat jalan tol.'),
(707, 'en', 'Take the highway.'),
(708, 'id', 'Naik kereta cepat ke Shanghai.'),
(708, 'en', 'Take the high-speed train to Shanghai.'),
(709, 'id', 'Apa yang sedang kamu kerjakan?'),
(709, 'en', 'What are you doing?'),
(710, 'id', 'Berpamitan kepada semua orang.'),
(710, 'en', 'Say goodbye to everyone.'),
(711, 'id', 'Setiap orang punya pendapat masing-masing.'),
(711, 'en', 'Each person has their own view.'),
(712, 'id', 'Setiap tempat.'),
(712, 'en', 'Every place.'),
(713, 'id', 'Bapak/Ibu guru sekalian, halo.'),
(713, 'en', 'Hello, teachers.'),
(714, 'id', 'Tinggi badannya sangat tinggi.'),
(714, 'en', 'He is very tall.'),
(715, 'id', 'Gaji sudah cair.'),
(715, 'en', 'Salaries have been paid.'),
(716, 'id', 'Naik bus umum.'),
(716, 'en', 'Take the bus.'),
(717, 'id', 'Tiga kilogram apel.'),
(717, 'en', 'Three kilograms of apples.'),
(718, 'id', 'Jalan rayanya sangat lebar.'),
(718, 'en', 'The road is very wide.'),
(719, 'id', 'Pergi main ke taman.'),
(719, 'en', 'Go to the park to play.'),
(720, 'id', 'Kung fu Tiongkok.'),
(720, 'en', 'Chinese Kung Fu.'),
(721, 'id', 'Bekerja keras bersama.'),
(721, 'en', 'Work hard together.'),
(722, 'id', 'Rumah saya ada seekor anjing.'),
(722, 'en', 'I have a dog at home.'),
(723, 'id', 'Uangnya sudah cukup.'),
(723, 'en', 'The money is enough.'),
(724, 'id', 'Pergi ke toko untuk belanja.'),
(724, 'en', 'Go shopping at the store.'),
(725, 'id', 'Saya perkirakan dia akan datang.'),
(725, 'en', 'I estimate that he will come.'),
(726, 'id', 'Guru menyemangati saya.'),
(726, 'en', 'The teacher encouraged me.'),
(727, 'id', 'Gadis itu sangat cantik.'),
(727, 'en', 'That girl is very beautiful.'),
(728, 'id', 'Mendengarkan cerita.'),
(728, 'en', 'Listen to a story.'),
(729, 'id', 'Dia tidak sengaja.'),
(729, 'en', 'He didn''t do it on purpose.'),
(730, 'id', 'Di dalam toko ada banyak pelanggan.'),
(730, 'en', 'There are many customers in the shop.'),
(731, 'id', 'Gantung lukisan di dinding.'),
(731, 'en', 'Hang the picture on the wall.'),
(732, 'id', 'Ini adalah masalah kunci.'),
(732, 'en', 'This is a key issue.'),
(733, 'id', 'Tidak apa-apa (tidak ada hubungan/masalah).'),
(733, 'en', 'It doesn''t matter.'),
(734, 'id', 'Lebihlah peduli kepada orang tua.'),
(734, 'en', 'Care more about your parents.'),
(735, 'id', 'Mengamati tanaman.'),
(735, 'en', 'Observe plants.'),
(736, 'id', 'Sudut pandang saya berbeda.'),
(736, 'en', 'My point of view is different.'),
(737, 'id', 'Pemikiran tradisional.'),
(737, 'en', 'Traditional notions.'),
(738, 'id', 'Penontonnya sangat banyak.'),
(738, 'en', 'The audience is large.'),
(739, 'id', 'Mengelola perusahaan.'),
(739, 'en', 'Manage a company.'),
(740, 'id', 'Mendengarkan siaran radio.'),
(740, 'en', 'Listen to the broadcast.'),
(741, 'id', 'Melihat iklan.'),
(741, 'en', 'Watching advertisements.'),
(742, 'id', 'Jalan-jalan ke toko.'),
(742, 'en', 'Go window shopping.'),
(743, 'id', 'Mematuhi peraturan.'),
(743, 'en', 'Obey the regulations.'),
(744, 'id', 'Terlalu mahal.'),
(744, 'en', 'Too expensive.'),
(745, 'id', 'Apa kewarganegaraanmu?'),
(745, 'en', 'What is your nationality?'),
(746, 'id', 'Bandara internasional.'),
(746, 'en', 'International airport.'),
(747, 'id', 'Saya mencintai negara saya.'),
(747, 'en', 'I love my country.'),
(748, 'id', 'Ternyata benar dia.'),
(748, 'en', 'Sure enough, it was him.'),
(749, 'id', 'Minum jus buah.'),
(749, 'en', 'Drink fruit juice.'),
(750, 'id', 'Merayakan ulang tahun.'),
(750, 'en', 'Spend a birthday.'),
(751, 'id', 'Proses belajar.'),
(751, 'en', 'Learning process.'),
(752, 'id', 'Hal di masa lalu.'),
(752, 'en', 'Things in the past.'),
(753, 'id', 'Tertawa terbahak-bahak.'),
(753, 'en', 'Laughing loudly.'),
(754, 'id', 'Dia masih ada di sini.'),
(754, 'en', 'He is still here.'),
(755, 'id', 'Apel atau semangka?'),
(755, 'en', 'Apples or watermelon?'),
(756, 'id', 'Masih ada siapa lagi?'),
(756, 'en', 'Who else is there?'),
(757, 'id', 'Laut yang luas.'),
(757, 'en', 'The ocean.'),
(758, 'id', 'Pergi ke pantai.'),
(758, 'en', 'Go to the seaside.'),
(759, 'id', 'Saya suka makan makanan laut.'),
(759, 'en', 'I like eating seafood.'),
(760, 'id', 'Dia sangat pemalu.'),
(760, 'en', 'She is very shy.'),
(761, 'id', 'Berteriak dengan keras.'),
(761, 'en', 'Shout out loud.'),
(762, 'id', 'Berkeringat.'),
(762, 'en', 'Sweating.'),
(763, 'id', 'Bicara bahasa Mandarin.'),
(763, 'en', 'Speak Chinese.'),
(764, 'id', 'Menulis karakter Mandarin.'),
(764, 'en', 'Write Chinese characters.'),
(765, 'id', 'Penerbangan saya adalah besok.'),
(765, 'en', 'My flight is tomorrow.'),
(766, 'id', 'Sangat cantik.'),
(766, 'en', 'Very beautiful.'),
(767, 'id', 'Bakpaonya sangat enak.'),
(767, 'en', 'The buns are delicious.'),
(768, 'id', 'Minum air putih ada manfaatnya.'),
(768, 'en', 'Drinking water has benefits.'),
(769, 'id', 'Baju ini bagus dilihat.'),
(769, 'en', 'These clothes look good.'),
(770, 'id', 'Sepertinya sedang hujan.'),
(770, 'en', 'It seems like it''s raining.'),
(771, 'id', 'Hari ini tanggal lima.'),
(771, 'en', 'Today is the 5th.'),
(772, 'id', 'Nomor teleponnya berapa?'),
(772, 'en', 'What is the phone number?'),
(773, 'id', 'Saya ingin minum teh.'),
(773, 'en', 'I want to drink tea.'),
(774, 'id', 'Saya pergi bersamamu.'),
(774, 'en', 'I will go with you.'),
(775, 'id', 'Sungai ini sangat panjang.'),
(775, 'en', 'This river is very long.'),
(776, 'id', 'Produknya memenuhi standar.'),
(776, 'en', 'The product is qualified.'),
(777, 'id', 'Baju ini sangat cocok.'),
(777, 'en', 'These clothes fit well.'),
(778, 'id', 'Masukkan buku ke dalam kotak.'),
(778, 'en', 'Put the book in the box.'),
(779, 'id', 'Hari sudah gelap.'),
(779, 'en', 'It has turned dark.'),
(780, 'id', 'Saya suka warna hitam.'),
(780, 'en', 'I like black.'),
(781, 'id', 'Dia sangat tinggi.'),
(781, 'en', 'He is very tall.'),
(782, 'id', 'Bunganya sangat merah.'),
(782, 'en', 'The flowers are very red.'),
(783, 'id', 'Warna merah bagus dilihat.'),
(783, 'en', 'Red looks good.'),
(784, 'id', 'Di atas pohon ada monyet.'),
(784, 'en', 'There is a monkey in the tree.'),
(785, 'id', 'Tiga hari kemudian.'),
(785, 'en', 'Three days later.'),
(786, 'id', 'Dia ada di belakang.'),
(786, 'en', 'He is behind.'),
(787, 'id', 'Sampai jumpa lusa.'),
(787, 'en', 'See you the day after tomorrow.'),
(788, 'id', 'Saya tidak menyesal.'),
(788, 'en', 'I don''t regret it.'),
(789, 'id', 'Tiba-tiba turun hujan.'),
(789, 'en', 'Suddenly it rained.'),
(790, 'id', 'Paspor saya.'),
(790, 'en', 'My passport.'),
(791, 'id', 'Saling membantu.'),
(791, 'en', 'Help each other.'),
(792, 'id', 'Menghabiskan uang.'),
(792, 'en', 'Spend money.'),
(793, 'id', 'Dia ada di taman bunga.'),
(793, 'en', 'He is in the garden.'),
(794, 'id', 'Belajar bahasa Mandarin.'),
(794, 'en', 'Learn Chinese.'),
(795, 'id', 'Tampilannya sangat indah.'),
(795, 'en', 'The frame is very beautiful.'),
(796, 'id', 'Sebuah lukisan.'),
(796, 'en', 'A painting.'),
(797, 'id', 'Komputernya rusak.'),
(797, 'en', 'The computer is broken.'),
(798, 'id', 'Selamat datang di Tiongkok.'),
(798, 'en', 'Welcome to China.'),
(799, 'id', 'Menukar uang.'),
(799, 'en', 'Exchange money.'),
(800, 'id', 'Bunga berwarna kuning.'),
(800, 'en', 'Yellow flower.'),
(801, 'id', 'Dia sedang dalam perjalanan pulang.'),
(801, 'en', 'He is on the way home.'),
(802, 'id', 'Tolong jawab pertanyaan saya.'),
(802, 'en', 'Please answer my question.'),
(803, 'id', 'Kapan dia kembali?'),
(803, 'en', 'When will he come back?'),
(804, 'id', 'Saya bisa bicara bahasa Mandarin.'),
(804, 'en', 'I can speak Chinese.'),
(805, 'id', 'Kami sedang mengadakan rapat.'),
(805, 'en', 'We are having a meeting.'),
(806, 'id', 'Kegiatan ekstrakurikuler.'),
(806, 'en', 'Extracurricular activities.'),
(807, 'id', 'Jangan main api.'),
(807, 'en', 'Don''t play with fire.'),
(808, 'id', 'Stasiun kereta api sangat jauh.'),
(808, 'en', 'The train station is very far.'),
(809, 'id', 'Meraih kesuksesan.'),
(809, 'en', 'Achieve success.'),
(810, 'id', 'Minum teh atau kopi.'),
(810, 'en', 'Drink tea or coffee.'),
(811, 'id', 'Ini adalah sebuah kesempatan bagus.'),
(811, 'en', 'This is a good opportunity.'),
(812, 'id', 'Pengetahuan dasar.'),
(812, 'en', 'Basic knowledge.'),
(813, 'id', 'Saya ingin makan telur.'),
(813, 'en', 'I want to eat eggs.'),
(814, 'id', 'Sangat penting.'),
(814, 'en', 'Extremely important.'),
(815, 'id', 'Semua orang berkumpul di sana.'),
(815, 'en', 'Everyone gathers there.'),
(816, 'id', 'Rencana saya.'),
(816, 'en', 'My plan.'),
(817, 'id', 'Belajar komputer.'),
(817, 'en', 'Study computer science.'),
(818, 'id', 'Mencatat kehidupan.'),
(818, 'en', 'Record life.'),
(819, 'id', 'Dia adalah wartawan.'),
(819, 'en', 'He is a reporter.'),
(820, 'id', 'Kemajuan teknologi.'),
(820, 'en', 'Technological progress.'),
(821, 'id', 'Silakan lanjutkan.'),
(821, 'en', 'Please continue.'),
(822, 'id', 'Saya sudah pulang ke rumah.'),
(822, 'en', 'I went home.'),
(823, 'id', 'Membeli furnitur.'),
(823, 'en', 'Buy furniture.'),
(824, 'id', 'Gigih belajar.'),
(824, 'en', 'Persist in studying.'),
(825, 'id', 'Memeriksa kesehatan tubuh.'),
(825, 'en', 'Check health.'),
(826, 'id', 'Masalah ini sangat sederhana.'),
(826, 'en', 'This problem is very simple.'),
(827, 'id', 'Saya ingin bertemu denganmu.'),
(827, 'en', 'I want to meet you.'),
(828, 'id', 'Tubuh yang sehat.'),
(828, 'en', 'Good health.'),
(829, 'id', 'Guru sedang menjelaskan pelajaran.'),
(829, 'en', 'The teacher is giving a lecture.'),
(830, 'id', 'Bonus sudah cair.'),
(830, 'en', 'Bonuses were paid out.'),
(831, 'id', 'Pesawat sudah mendarat.'),
(831, 'en', 'The plane has landed.'),
(832, 'id', 'Mengumpulkan PR.'),
(832, 'en', 'Hand in homework.'),
(833, 'id', 'Pertukaran budaya.'),
(833, 'en', 'Cultural exchange.'),
(834, 'id', 'Transportasinya nyaman/praktis.'),
(834, 'en', 'Traffic is convenient.'),
(835, 'id', 'Dia tinggal di pinggiran kota.'),
(835, 'en', 'He lives in the suburbs.'),
(836, 'id', 'Saya tidak bangga padamu.'),
(836, 'en', 'I am not proud of you.'),
(837, 'id', 'Sudut tembok.'),
(837, 'en', 'Corner of the wall.'),
(838, 'id', 'Kaki saya sakit.'),
(838, 'en', 'My foot hurts.'),
(839, 'id', 'Mengaduk kopi.'),
(839, 'en', 'Stir the coffee.'),
(840, 'id', 'Dia adalah seorang guru.'),
(840, 'en', 'He is a teacher.'),
(841, 'id', 'Profesor Wang.'),
(841, 'en', 'Professor Wang.'),
(842, 'id', 'Menerima pendidikan.'),
(842, 'en', 'Receive education.'),
(843, 'id', 'Makan pangsit.'),
(843, 'en', 'Eat dumplings.'),
(844, 'id', 'Dia bernama siapa?'),
(844, 'en', 'What is he called?'),
(845, 'id', 'Pergi ke bandara menjemputmu.'),
(845, 'en', 'Pick you up at the airport.'),
(846, 'id', 'Menerima hadiah.'),
(846, 'en', 'Accept a gift.'),
(847, 'id', 'Jalan ini sangat cantik.'),
(847, 'en', 'This street is beautiful.'),
(848, 'id', 'Menonton acara televisi.'),
(848, 'en', 'Watch a TV program.'),
(849, 'id', 'Hari raya Imlek adalah festival yang penting.'),
(849, 'en', 'Spring Festival is an important holiday.'),
(850, 'id', 'Hasil ujian.'),
(850, 'en', 'Examination results.'),
(851, 'id', 'Struktur karakter Mandarin.'),
(851, 'en', 'Chinese character structure.'),
(852, 'id', 'Teori dikombinasikan dengan praktek.'),
(852, 'en', 'Combine theory with practice.'),
(853, 'id', 'Dia sudah menikah.'),
(853, 'en', 'He is married.'),
(854, 'id', 'Rapat sudah selesai.'),
(854, 'en', 'The meeting is over.'),
(855, 'id', 'Menyelesaikan masalah.'),
(855, 'en', 'Solve a problem.'),
(856, 'id', 'Tolong jelaskan sebentar.'),
(856, 'en', 'Please explain briefly.'),
(857, 'id', 'Dia adalah kakak perempuan saya.'),
(857, 'en', 'She is my elder sister.'),
(858, 'id', 'Memperkenalkan teman.'),
(858, 'en', 'Introduce a friend.'),
(859, 'id', 'Saya meminjam sebuah buku.'),
(859, 'en', 'I borrow a book.'),
(860, 'id', 'Setengah kilo apel.'),
(860, 'en', 'One catty of apples.'),
(861, 'id', 'Ke depannya harus rajin/berusaha.'),
(861, 'en', 'Work hard from now on.'),
(862, 'id', 'Cuaca hari ini.'),
(862, 'en', 'Today''s weather.'),
(863, 'id', 'Tahun ini adalah tahun 2026.'),
(863, 'en', 'This year is 2026.'),
(864, 'id', 'Hari ini sangat panas.'),
(864, 'en', 'Today is very hot.'),
(865, 'id', 'Saya sangat gugup.'),
(865, 'en', 'I am very nervous.'),
(866, 'id', 'Sekolah sangat dekat.'),
(866, 'en', 'School is very close.'),
(867, 'id', 'Silakan masuk.'),
(867, 'en', 'Please come in.'),
(868, 'id', 'Bahasa Mandarin-nya sudah ada kemajuan.'),
(868, 'en', 'His Chinese has improved.'),
(869, 'id', 'Melakukan penyelidikan.'),
(869, 'en', 'Carry out an investigation.'),
(870, 'id', 'Belakangan ini sangat sibuk.'),
(870, 'en', 'Lately I''ve been busy.'),
(871, 'id', 'Dilarang merokok.'),
(871, 'en', 'Smoking is prohibited.'),
(872, 'id', 'Acaranya sangat luar biasa.'),
(872, 'en', 'The program was wonderful.'),
(873, 'id', 'Sangat bersemangat.'),
(873, 'en', 'Very high-spirited.'),
(874, 'id', 'Saya sering membaca buku.'),
(874, 'en', 'I often read books.'),
(875, 'id', 'Film klasik.'),
(875, 'en', 'Classic movie.'),
(876, 'id', 'Melewati toko ini.'),
(876, 'en', 'Pass by this shop.'),
(877, 'id', 'Perkembangan ekonomi.'),
(877, 'en', 'Economic development.'),
(878, 'id', 'Dia adalah manajer kami.'),
(878, 'en', 'He is our manager.'),
(879, 'id', 'Saya tidak punya pengalaman.'),
(879, 'en', 'I have no experience.'),
(880, 'id', 'Mengelola perusahaan.'),
(880, 'en', 'Operate a company.'),
(881, 'id', 'Menonton Opera Beijing.'),
(881, 'en', 'Watch Beijing Opera.'),
(882, 'id', 'Mencari polisi.'),
(882, 'en', 'Look for the police.'),
(883, 'id', 'Pemandangannya sangat indah.'),
(883, 'en', 'The scenery is beautiful.'),
(884, 'id', 'Lebih tenanglah sedikit.'),
(884, 'en', 'Be a bit quieter.'),
(885, 'id', 'Persaingan yang sengit.'),
(885, 'en', 'Fierce competition.'),
(886, 'id', 'Dia ternyata tidak datang (tak disangka).'),
(886, 'en', 'He unexpectedly didn''t come.'),
(887, 'id', 'Bercermin.'),
(887, 'en', 'Look in the mirror.'),
(888, 'id', 'Sebenarnya apa yang terjadi?'),
(888, 'en', 'What actually happened?'),
(889, 'id', 'Saya punya sembilan buah apel.'),
(889, 'en', 'I have nine apples.'),
(890, 'id', 'Sudah lama tidak bertemu.'),
(890, 'en', 'Long time no see.'),
(891, 'id', 'Dia tidak minum arak.'),
(891, 'en', 'He doesn''t drink alcohol.'),
(892, 'id', 'Menginap di hotel.'),
(892, 'en', 'Stay in a hotel.'),
(893, 'id', 'Saya langsung pergi sekarang.'),
(893, 'en', 'I will go right away.'),
(894, 'id', 'Hujan akan segera turun.'),
(894, 'en', 'It is about to rain.'),
(895, 'id', 'Menyelenggarakan kegiatan.'),
(895, 'en', 'Conduct an activity.'),
(896, 'id', 'Mengadakan rapat.'),
(896, 'en', 'Hold a meeting.'),
(897, 'id', 'Dia menolak permintaan saya.'),
(897, 'en', 'He refused my request.'),
(898, 'id', 'Jarak dari sini ke sekolah sangat jauh.'),
(898, 'en', 'The distance from here to school is far.'),
(899, 'id', 'Menulis satu kalimat.'),
(899, 'en', 'Write a sentence.'),
(900, 'id', 'Saya belum memutuskan.'),
(900, 'en', 'I haven''t decided yet.'),
(901, 'id', 'Saya ingin minum kopi.'),
(901, 'en', 'I want to drink coffee.'),
(902, 'id', 'Kartu saya ada di sana.'),
(902, 'en', 'My card is over there.'),
(903, 'id', 'Tolong buka pintunya.'),
(903, 'en', 'Please open the door.'),
(904, 'id', 'Kita mau mulai sekarang.'),
(904, 'en', 'We are about to start.'),
(905, 'id', 'Jangan bercanda.'),
(905, 'en', 'Don''t joke around.'),
(906, 'id', 'Sekolah mulai minggu depan.'),
(906, 'en', 'School starts next week.'),
(907, 'id', 'Dia sedang membaca koran.'),
(907, 'en', 'He is reading the newspaper.'),
(908, 'id', 'Saya sudah melihat dia.'),
(908, 'en', 'I saw him.'),
(909, 'id', 'Besok ada ujian.'),
(909, 'en', 'There is an exam tomorrow.'),
(910, 'id', 'Satu pohon ini.'),
(910, 'en', 'This tree.'),
(911, 'id', 'Belajar sains.'),
(911, 'en', 'Study science.'),
(912, 'id', 'Dia batuk dengan parah.'),
(912, 'en', 'He is coughing badly.'),
(913, 'id', 'Besok mungkin akan hujan.'),
(913, 'en', 'It might rain tomorrow.'),
(914, 'id', 'Dia sangat baik, tetapi saya tidak suka.'),
(914, 'en', 'He is nice, but I don''t like him.'),
(915, 'id', 'Kucing itu sangat imut.'),
(915, 'en', 'That cat is very cute.'),
(916, 'id', 'Bolehkah saya masuk?'),
(916, 'en', 'May I come in?'),
(917, 'id', 'Jam lima lewat lima belas menit.'),
(917, 'en', 'A quarter past five.'),
(918, 'id', 'Sekarang waktunya masuk kelas.'),
(918, 'en', 'Class starts now.'),
(919, 'id', 'Buka buku cetakmu.'),
(919, 'en', 'Open the textbook.'),
(920, 'id', 'Membaca teks pelajaran.'),
(920, 'en', 'Read the text.'),
(921, 'id', 'Sama-sama.'),
(921, 'en', 'You''re welcome.'),
(922, 'id', 'Di rumah ada tamu.'),
(922, 'en', 'There are guests at home.'),
(923, 'id', 'Udara di sini sangat bagus.'),
(923, 'en', 'The air here is very good.'),
(924, 'id', 'Menyalakan AC.'),
(924, 'en', 'Turn on the AC.'),
(925, 'id', 'Keluarga saya ada tiga orang.'),
(925, 'en', 'There are three people in my family.'),
(926, 'id', 'Jangan menangis.'),
(926, 'en', 'Don''t cry.'),
(927, 'id', 'Obat ini sangat pahit.'),
(927, 'en', 'This medicine is very bitter.'),
(928, 'id', 'Sepasang celana.'),
(928, 'en', 'A pair of trousers.'),
(929, 'id', 'Sepuluh yuan.'),
(929, 'en', 'Ten yuan.'),
(930, 'id', 'Jalan lebih cepat sedikit.'),
(930, 'en', 'Walk a bit faster.'),
(931, 'id', 'Selamat ulang tahun.'),
(931, 'en', 'Happy birthday.'),
(932, 'id', 'Menggunakan sumpit.'),
(932, 'en', 'Use chopsticks.'),
(933, 'id', 'Jalan rayanya sangat lebar.'),
(933, 'en', 'The road is very wide.'),
(934, 'id', 'Minum air mineral.'),
(934, 'en', 'Drink mineral water.'),
(935, 'id', 'Tidak ada kesulitan.'),
(935, 'en', 'No difficulties.'),
(936, 'id', 'Memperluas jangkauan.'),
(936, 'en', 'Expand the scope.'),
(937, 'id', 'Menarik pintu.'),
(937, 'en', 'Pull the door.'),
(938, 'id', 'Taruh di dalam tempat sampah.'),
(938, 'en', 'Put it in the trash can.'),
(939, 'id', 'Saya tidak makan pedas.'),
(939, 'en', 'I don''t eat spicy food.'),
(940, 'id', 'Dia sudah datang.'),
(940, 'en', 'He has come.'),
(941, 'id', 'Sudah tidak sempat lagi.'),
(941, 'en', 'It is too late now.'),
(942, 'id', 'Masih sempat kok.'),
(942, 'en', 'There is still time.'),
(943, 'id', 'Langit biru.'),
(943, 'en', 'Blue sky.'),
(944, 'id', 'Saya suka warna biru.'),
(944, 'en', 'I like the color blue.'),
(945, 'id', 'Dia sangat malas.'),
(945, 'en', 'He is very lazy.'),
(946, 'id', 'Jangan membuang-buang waktu.'),
(946, 'en', 'Don''t waste time.'),
(947, 'id', 'Halo guru.'),
(947, 'en', 'Hello teacher.'),
(948, 'id', 'Dia sudah datang.'),
(948, 'en', 'He has come.'),
(949, 'id', 'Saya sangat lelah.'),
(949, 'en', 'I am very tired.'),
(950, 'id', 'Hari ini sangat dingin.'),
(950, 'en', 'Today is very cold.'),
(951, 'id', 'Rumah berjarak sangat dekat dari sekolah.'),
(951, 'en', 'Home is very close to school.'),
(952, 'id', 'Dia sudah meninggalkan Beijing.'),
(952, 'en', 'He left Beijing.'),
(953, 'id', 'Memberi hadiah.'),
(953, 'en', 'Give a gift.'),
(954, 'id', 'Buku ada di dalam tas.'),
(954, 'en', 'The book is in the bag.'),
(955, 'id', 'Silakan masuk ke dalam.'),
(955, 'en', 'Please come inside.'),
(956, 'id', 'Pergi potong rambut.'),
(956, 'en', 'Go for a haircut.'),
(957, 'id', 'Saya tidak memahami.'),
(957, 'en', 'I don''t understand.'),
(958, 'id', 'Cita-cita saya.'),
(958, 'en', 'My ideal.'),
(959, 'id', 'Tidak ada tenaga.'),
(959, 'en', 'No strength.'),
(960, 'id', 'Sejarah Tiongkok.'),
(960, 'en', 'Chinese history.'),
(961, 'id', 'Memanfaatkan waktu.'),
(961, 'en', 'Utilize time.'),
(962, 'id', 'Contohnya yang ini.'),
(962, 'en', 'For example, this one.'),
(963, 'id', 'Berikan sebuah contoh.'),
(963, 'en', 'Give an example.'),
(964, 'id', 'Kita berdua.'),
(964, 'en', 'The two of us.'),
(965, 'id', 'Bahkan dia pun datang.'),
(965, 'en', 'Even he came.'),
(966, 'id', 'Tolong hubungi saya.'),
(966, 'en', 'Please contact me.'),
(967, 'id', 'Mencuci muka.'),
(967, 'en', 'Wash face.'),
(968, 'id', 'Mengerjakan latihan.'),
(968, 'en', 'Do exercises.'),
(969, 'id', 'Hari ini sangat sejuk.'),
(969, 'en', 'It is very cool today.'),
(970, 'id', 'Dua buah buku.'),
(970, 'en', 'Two books.'),
(971, 'id', 'Lampunya sudah menyala terang.'),
(971, 'en', 'The light is on.'),
(972, 'id', 'Kami sedang mengobrol.'),
(972, 'en', 'We are chatting.'),
(973, 'id', 'Saya sangat mengenal dia.'),
(973, 'en', 'I know him very well.'),
(974, 'id', 'Tetangga saya.'),
(974, 'en', 'My neighbor.'),
(975, 'id', 'Sepuluh derajat di bawah nol.'),
(975, 'en', 'Ten degrees below zero.'),
(976, 'id', 'Apakah kamu punya uang receh?'),
(976, 'en', 'Do you have any change?'),
(977, 'id', 'Satu yang lainnya.'),
(977, 'en', 'Another one.'),
(978, 'id', 'Tinggallah di sini.'),
(978, 'en', 'Stay here.'),
(979, 'id', 'Saya mahasiswa internasional.'),
(979, 'en', 'I am an international student.'),
(980, 'id', 'Meneteskan air mata.'),
(980, 'en', 'Shed tears.'),
(981, 'id', 'Bahasa Mandarin-nya sangat lancar.'),
(981, 'en', 'His Chinese is very fluent.'),
(982, 'id', 'Lagu yang populer.'),
(982, 'en', 'Popular song.'),
(983, 'id', 'Enam buah apel.'),
(983, 'en', 'Six apples.'),
(984, 'id', 'Dia ada di gedung itu.'),
(984, 'en', 'He is in that building.'),
(985, 'id', 'Dia ada di lantai atas.'),
(985, 'en', 'He is upstairs.'),
(986, 'id', 'Kami menunggumu di lantai bawah.'),
(986, 'en', 'We are waiting for you downstairs.'),
(987, 'id', 'Jalannya sangat panjang.'),
(987, 'en', 'The road is long.'),
(988, 'id', 'Tunggu di persimpangan.'),
(988, 'en', 'Wait at the intersection.'),
(989, 'id', 'Saya sedang di jalan.'),
(989, 'en', 'I am on the road.'),
(990, 'id', 'Pergi berwisata ke Tiongkok.'),
(990, 'en', 'Go travel to China.'),
(991, 'id', 'Rumputnya sudah menghijau.'),
(991, 'en', 'The grass is green.'),
(992, 'id', 'Saya suka warna hijau.'),
(992, 'en', 'I like the color green.'),
(993, 'id', 'Kamarnya sangat berantakan.'),
(993, 'en', 'The room is messy.'),
(994, 'id', 'Saya sayang ibu.'),
(994, 'en', 'I love my mom.'),
(995, 'id', 'Sangat merepotkan.'),
(995, 'en', 'What a trouble.'),
(996, 'id', 'Menunggang kuda.'),
(996, 'en', 'Ride a horse.'),
(997, 'id', 'Menyeberangi jalan raya.'),
(997, 'en', 'Cross the road.'),
(998, 'id', 'Saya akan segera datang.'),
(998, 'en', 'I''ll be there immediately.'),
(999, 'id', 'Saya sangat puas.'),
(999, 'en', 'I am very satisfied.'),
(1000, 'id', 'Kucing saya ada di sana.'),
(1000, 'en', 'My cat is over there.'),
(1001, 'id', 'Bulu kucing itu sangat panjang.'),
(1001, 'en', 'The cat''s fur is very long.'),
(1002, 'id', 'Komputer ini ada masalah.'),
(1002, 'en', 'This computer has a problem.'),
(1003, 'id', 'Menulis menggunakan kuas.'),
(1003, 'en', 'Write with a writing brush.'),
(1004, 'id', 'Handuk baru.'),
(1004, 'en', 'New towel.'),
(1005, 'id', 'Memakai sweater.'),
(1005, 'en', 'Wear a sweater.'),
(1006, 'id', 'Memakai topi.'),
(1006, 'en', 'Wear a hat.'),
(1007, 'id', 'Tidak apa-apa.'),
(1007, 'en', 'It doesn''t matter.'),
(1008, 'id', 'Maaf, tidak apa-apa.'),
(1008, 'en', 'Sorry, no problem.'),
(1009, 'id', 'Tidak ada masalah apa-apa.'),
(1009, 'en', 'It''s nothing.'),
(1010, 'id', 'Saya sekarang sedang tidak ada urusan.'),
(1010, 'en', 'I am free now.'),
(1011, 'id', 'Saya tidak punya uang.'),
(1011, 'en', 'I don''t have money.'),
(1012, 'id', 'Belajar setiap hari.'),
(1012, 'en', 'Study every day.'),
(1013, 'id', 'Setiap siswa.'),
(1013, 'en', 'Every student.'),
(1014, 'id', 'Pemandangannya sangat indah.'),
(1014, 'en', 'The scenery is beautiful.'),
(1015, 'id', 'Kota yang cantik.'),
(1015, 'en', 'Beautiful city.'),
(1016, 'id', 'Mencicipi makanan lezat.'),
(1016, 'en', 'Taste delicious food.'),
(1017, 'id', 'Belajar seni rupa.'),
(1017, 'en', 'Study fine arts.'),
(1018, 'id', 'Buka pintu.'),
(1018, 'en', 'Open the door.'),
(1019, 'id', 'Saya menunggumu di pintu masuk.'),
(1019, 'en', 'I''ll wait for you at the entrance.'),
(1020, 'id', 'Beli dua lembar tiket masuk.'),
(1020, 'en', 'Buy two entrance tickets.'),
(1021, 'id', 'Ayo kita pergi.'),
(1021, 'en', 'Let''s go.'),
(1022, 'id', 'Seratus meter.'),
(1022, 'en', 'One hundred meters.'),
(1023, 'id', 'Makan nasi putih.'),
(1023, 'en', 'Eat steamed rice.'),
(1024, 'id', 'Saya ingin makan mie.'),
(1024, 'en', 'I want to eat noodles.'),
(1025, 'id', 'Membeli roti.'),
(1025, 'en', 'Buy bread.'),
(1026, 'id', 'Menghadapi kesulitan.'),
(1026, 'en', 'Face difficulties.'),
(1027, 'id', 'Luas kamar.'),
(1027, 'en', 'The area of the room.'),
(1028, 'id', 'Dihadapkan pada pilihan.'),
(1028, 'en', 'Faced with a choice.'),
(1029, 'id', 'Semangkuk mie.'),
(1029, 'en', 'A bowl of noodles.'),
(1030, 'id', 'Menggambarkan pemandangan.'),
(1030, 'en', 'Describe the scenery.'),
(1031, 'id', 'Enam puluh detik.'),
(1031, 'en', 'Sixty seconds.'),
(1032, 'id', 'Bangsa Tionghoa.'),
(1032, 'en', 'The Chinese nation.'),
(1033, 'id', 'Saya tidak mengerti.'),
(1033, 'en', 'I don''t understand.'),
(1034, 'id', 'Targetnya jelas.'),
(1034, 'en', 'The goal is clear.'),
(1035, 'id', 'Sampai jumpa tahun depan.'),
(1035, 'en', 'See you next year.'),
(1036, 'id', 'Besok pergi ke Beijing.'),
(1036, 'en', 'Go to Beijing tomorrow.'),
(1037, 'id', 'Perubahannya sangat nyata.'),
(1037, 'en', 'The change is obvious.'),
(1038, 'id', 'Bintang film.'),
(1038, 'en', 'Movie star.'),
(1039, 'id', 'Siapa namamu?'),
(1039, 'en', 'What is your name?'),
(1040, 'id', 'Kehidupan / nyawa.'),
(1040, 'en', 'Life.'),
(1041, 'id', 'Mematuhi perintah.'),
(1041, 'en', 'Obey the command.'),
(1042, 'id', 'Sentuh sebentar.'),
(1042, 'en', 'Touch it.'),
(1043, 'id', 'Meniru gerakannya.'),
(1043, 'en', 'Imitate his actions.'),
(1044, 'id', 'Gambarnya sangat buram.'),
(1044, 'en', 'The picture is very blurry.'),
(1045, 'id', 'Mengendarai sepeda motor.'),
(1045, 'en', 'Ride a motorcycle.'),
(1046, 'id', 'Orang asing.'),
(1046, 'en', 'Stranger.'),
(1047, 'id', 'Seseorang (tertentu).'),
(1047, 'en', 'Someone.'),
(1048, 'id', 'Mewujudkan target.'),
(1048, 'en', 'Achieve the goal.'),
(1049, 'id', 'Apa tujuanmu?'),
(1049, 'en', 'What is your purpose?'),
(1050, 'id', 'Melihat daftar isi buku.'),
(1050, 'en', 'Check the table of contents.'),
(1051, 'id', 'Saat ini sangat sibuk.'),
(1051, 'en', 'Busy at the moment.'),
(1052, 'id', 'Meja kayu.'),
(1052, 'en', 'Wooden table.'),
(1053, 'id', 'Mengambil buku.'),
(1053, 'en', 'Take the book.'),
(1054, 'id', 'Kamu orang negara mana?'),
(1054, 'en', 'Which country are you from?'),
(1055, 'id', 'Dia ada di mana?'),
(1055, 'en', 'Where is he?'),
(1056, 'id', 'Kamu mau ke mana?'),
(1056, 'en', 'Where are you going?'),
(1057, 'id', 'Yang mana saja milikmu?'),
(1057, 'en', 'Which ones are yours?'),
(1058, 'id', 'Itu adalah buku saya.'),
(1058, 'en', 'That is my book.'),
(1059, 'id', 'Dia ada di sebelah sana.'),
(1059, 'en', 'He is over there.'),
(1060, 'id', 'Pergi ke sana.'),
(1060, 'en', 'Go there.'),
(1061, 'id', 'Ada orang di sana.'),
(1061, 'en', 'There is someone there.'),
(1062, 'id', 'Siapa orang-orang itu?'),
(1062, 'en', 'Who are those people?'),
(1063, 'id', 'Jangan lakukan seperti itu.'),
(1063, 'en', 'Don''t do it like that.'),
(1064, 'id', 'Minum susu.'),
(1064, 'en', 'Drink milk.'),
(1065, 'id', 'Nenek saya.'),
(1065, 'en', 'My grandma.'),
(1066, 'id', 'Harus bersabar.'),
(1066, 'en', 'Have patience.'),
(1067, 'id', 'Jalan ke arah selatan.'),
(1067, 'en', 'Walk to the south.'),
(1068, 'id', 'Ada di sisi selatan sekolah.'),
(1068, 'en', 'It''s to the south of the school.'),
(1069, 'id', 'Soal ini sangat sulit.'),
(1069, 'en', 'This question is very difficult.'),
(1070, 'id', 'Masa kamu tidak pergi?'),
(1070, 'en', 'Could it be that you aren''t going?'),
(1071, 'id', 'Jangan sedih.'),
(1071, 'en', 'Don''t be sad.'),
(1072, 'id', 'Warna ini sangat jelek.'),
(1072, 'en', 'This color is very ugly.'),
(1073, 'id', 'Hati merasa sangat menderita/tidak nyaman.'),
(1073, 'en', 'Feel very bad in the heart.'),
(1074, 'id', 'Pantas saja dia tidak datang.'),
(1074, 'en', 'No wonder he isn''t coming.'),
(1075, 'id', 'Kesempatan yang sangat langka.'),
(1075, 'en', 'A rare opportunity.'),
(1076, 'id', 'Kesalahan adalah hal yang sulit dihindari.'),
(1076, 'en', 'Mistakes are unavoidable.'),
(1077, 'id', 'Toilet pria.'),
(1077, 'en', 'Male toilet.'),
(1078, 'id', 'Anak laki-laki itu ada di sana.'),
(1078, 'en', 'That boy is over there.'),
(1079, 'id', 'Pria yang berani.'),
(1079, 'en', 'A brave man.'),
(1080, 'id', 'Di dalam kelas ada banyak siswa laki-laki.'),
(1080, 'en', 'There are many boy students in the class.'),
(1081, 'id', 'Gunakan otak (berpikirlah).'),
(1081, 'en', 'Use your brain.'),
(1082, 'id', 'Jangan ribut lagi.'),
(1082, 'en', 'Stop making noise.'),
(1083, 'id', 'Kamu bagaimana?'),
(1083, 'en', 'How about you?'),
(1084, 'id', 'Dalam negeri.'),
(1084, 'en', 'Internal / domestic.'),
(1085, 'id', 'Isi buku.'),
(1085, 'en', 'The content of the book.'),
(1086, 'id', 'Saya bisa pergi.'),
(1086, 'en', 'I can go.'),
(1087, 'id', 'Kemampuan belajar.'),
(1087, 'en', 'Ability to learn.'),
(1088, 'id', 'Saya mampu melakukannya dengan baik.'),
(1088, 'en', 'I am able to do it well.'),
(1089, 'id', 'Siapa kamu?'),
(1089, 'en', 'Who are you?'),
(1090, 'id', 'Kalian ada di mana?'),
(1090, 'en', 'Where are you all?'),
(1091, 'id', 'Satu tahun.'),
(1091, 'en', 'One year.'),
(1092, 'id', 'Tahun 80-an.'),
(1092, 'en', 'The eighties.'),
(1093, 'id', 'Saya duduk di kelas satu.'),
(1093, 'en', 'I am in the first grade.'),
(1094, 'id', 'Dia sudah berumur.'),
(1094, 'en', 'He is old.'),
(1095, 'id', 'Dia sangat muda.'),
(1095, 'en', 'He is very young.'),
(1096, 'id', 'Di atas pohon ada burung.'),
(1096, 'en', 'There is a bird in the tree.'),
(1097, 'id', 'Halo (sopan).'),
(1097, 'en', 'Hello (respectful).'),
(1098, 'id', 'Seekor sapi.'),
(1098, 'en', 'A cow.'),
(1099, 'id', 'Minum susu sapi.'),
(1099, 'en', 'Drink milk.'),
(1100, 'id', 'Jangan sampai rusak.'),
(1100, 'en', 'Don''t break it.'),
(1101, 'id', 'Kita harus belajar dengan rajin.'),
(1101, 'en', 'We should study hard.'),
(1102, 'id', 'Cuaca hari ini sangat hangat.'),
(1102, 'en', 'Today''s weather is very warm.'),
(1103, 'id', 'Saya sesekali pergi ke bioskop.'),
(1103, 'en', 'I occasionally go to the cinema.'),
(1104, 'id', 'Besok kita pergi mendaki gunung.'),
(1104, 'en', 'We will go climbing tomorrow.'),
(1105, 'id', 'Ambil foto.'),
(1105, 'en', 'Take a photo.'),
(1106, 'id', 'Tolong mengantre.'),
(1106, 'en', 'Please line up.'),
(1107, 'id', 'Bermain voli.'),
(1107, 'en', 'Play volleyball.'),
(1108, 'id', 'Perusahaan mengutusnya ke Beijing.'),
(1108, 'en', 'The company sent him to Beijing.'),
(1109, 'id', 'Ada piring di atas meja.'),
(1109, 'en', 'There is a plate on the table.'),
(1110, 'id', 'Dia sedang berlari.'),
(1110, 'en', 'He is running.'),
(1111, 'id', 'Saya temani kamu pergi.'),
(1111, 'en', 'I will accompany you.'),
(1112, 'id', 'Dia adalah teman baik saya.'),
(1112, 'en', 'He is my good friend.'),
(1113, 'id', 'Buku ini sangat murah.'),
(1113, 'en', 'This book is very cheap.'),
(1114, 'id', 'Jangan menipu saya.'),
(1114, 'en', 'Don''t cheat me.'),
(1115, 'id', 'Membeli tiket.'),
(1115, 'en', 'Buy a ticket.'),
(1116, 'id', 'Bajunya sangat cantik.'),
(1116, 'en', 'The clothes are very beautiful.'),
(1117, 'id', 'Bermain pingpong.'),
(1117, 'en', 'Play table tennis.'),
(1118, 'id', 'Saya ingin makan apel.'),
(1118, 'en', 'I want to eat an apple.'),
(1119, 'id', 'Biasanya saya sangat sibuk.'),
(1119, 'en', 'I am usually busy.'),
(1120, 'id', 'Sebuah botol.'),
(1120, 'en', 'A bottle.'),
(1121, 'id', 'Bajunya sobek.'),
(1121, 'en', 'The clothes are torn.'),
(1122, 'id', 'Anggur-anggur ini sangat manis.'),
(1122, 'en', 'These grapes are very sweet.'),
(1123, 'id', 'Orang biasa.'),
(1123, 'en', 'Common people.'),
(1124, 'id', 'Bicara bahasa Mandarin standar.'),
(1124, 'en', 'Speak Mandarin.'),
(1125, 'id', 'Tujuh buah.'),
(1125, 'en', 'Seven items.'),
(1126, 'id', 'Dia mencintai istrinya.'),
(1126, 'en', 'He loves his wife.'),
(1127, 'id', 'Mengendarai sepeda.'),
(1127, 'en', 'Ride a bicycle.'),
(1128, 'id', 'Sungguh aneh.'),
(1128, 'en', 'How strange.'),
(1129, 'id', 'Bersama-sama.'),
(1129, 'en', 'Together.'),
(1130, 'id', 'Bangunlah lebih pagi.'),
(1130, 'en', 'Get up early.'),
(1131, 'id', 'Berdirilah.'),
(1131, 'en', 'Stand up.'),
(1132, 'id', 'Iklim di sini sangat bagus.'),
(1132, 'en', 'The climate here is good.'),
(1133, 'id', 'Balon merah.'),
(1133, 'en', 'Red balloon.'),
(1134, 'id', 'Menyetir mobil.'),
(1134, 'en', 'Drive a car.'),
(1135, 'id', 'Minum soda.'),
(1135, 'en', 'Drink soda.'),
(1136, 'id', 'Menulis dengan pensil.'),
(1136, 'en', 'Write with a pencil.'),
(1137, 'id', 'Seribu yuan.'),
(1137, 'en', 'One thousand yuan.'),
(1138, 'id', 'Saya punya uang.'),
(1138, 'en', 'I have money.'),
(1139, 'id', 'Dompet ada di dalam tas.'),
(1139, 'en', 'The wallet is in the bag.'),
(1140, 'id', 'Tiga hari yang lalu.'),
(1140, 'en', 'Three days ago.'),
(1141, 'id', 'Dia ada di depan saya.'),
(1141, 'en', 'He is in front of me.'),
(1142, 'id', 'Kemarin lusa saya pergi ke Beijing.'),
(1142, 'en', 'I went to Beijing the day before yesterday.'),
(1143, 'id', 'Airnya sangat dangkal.'),
(1143, 'en', 'The water is very shallow.'),
(1144, 'id', 'Menyeberangi jembatan.'),
(1144, 'en', 'Cross the bridge.'),
(1145, 'id', 'Makan cokelat.'),
(1145, 'en', 'Eat chocolate.'),
(1146, 'id', 'Dia sangat ramah.'),
(1146, 'en', 'He is very kind.'),
(1147, 'id', 'Saudara di keluarga saya sangat banyak.'),
(1147, 'en', 'I have many relatives.'),
(1148, 'id', 'Tas ini sangat ringan.'),
(1148, 'en', 'This bag is very light.'),
(1149, 'id', 'Hari ini sangat santai.'),
(1149, 'en', 'Today is very relaxed.'),
(1150, 'id', 'Apakah saya sudah bicara dengan jelas?'),
(1150, 'en', 'Did I make myself clear?'),
(1151, 'id', 'Langit sudah cerah.'),
(1151, 'en', 'The weather has cleared up.'),
(1152, 'id', 'Besok adalah hari cerah.'),
(1152, 'en', 'Tomorrow will be a sunny day.'),
(1153, 'id', 'Memahami situasi.'),
(1153, 'en', 'Understand the situation.'),
(1154, 'id', 'Silakan duduk.'),
(1154, 'en', 'Please sit down.'),
(1155, 'id', 'Saya ingin minta izin libur.'),
(1155, 'en', 'I want to ask for leave.'),
(1156, 'id', 'Silakan masuk, silakan masuk.'),
(1156, 'en', 'Come in, please.'),
(1157, 'id', 'Hari ini saya yang traktir.'),
(1157, 'en', 'It''s my treat today.'),
(1158, 'id', 'Permisi, toko buku ada di mana?'),
(1158, 'en', 'Excuse me, where is the bookstore?'),
(1159, 'id', 'Guru, silakan duduk.'),
(1159, 'en', 'Teacher, please sit down.'),
(1160, 'id', 'Merayakan ulang tahun.'),
(1160, 'en', 'Celebrate a birthday.'),
(1161, 'id', 'Dia sedang main bola.'),
(1161, 'en', 'He is playing ball.'),
(1162, 'id', 'Membeli sepasang sepatu olahraga.'),
(1162, 'en', 'Buy a pair of sneakers.'),
(1163, 'id', 'Saya pergi ke sekolah.'),
(1163, 'en', 'I go to school.'),
(1164, 'id', 'Tahun lalu saya tidak di Beijing.'),
(1164, 'en', 'I wasn''t in Beijing last year.'),
(1165, 'id', 'Berikan semuanya kepadaku.'),
(1165, 'en', 'Give all to me.'),
(1166, 'id', 'Foto sekeluarga.'),
(1166, 'en', 'Family photo.'),
(1167, 'id', 'Tidak istirahat sepanjang tahun.'),
(1167, 'en', 'No rest all year round.'),
(1168, 'id', 'Sakit di seluruh tubuh.'),
(1168, 'en', 'Body hurts all over.'),
(1169, 'id', 'Bekerja seharian penuh.'),
(1169, 'en', 'Work all day.'),
(1170, 'id', 'Dia punya banyak kekurangan.'),
(1170, 'en', 'He has many flaws.'),
(1171, 'id', 'Dia datang, tetapi tidak bicara.'),
(1171, 'en', 'He came, yet didn''t speak.'),
(1172, 'id', 'Dia memang benar-benar tidak tahu.'),
(1172, 'en', 'He indeed doesn''t know.'),
(1173, 'id', 'Kerumunan orang.'),
(1173, 'en', 'Crowd.'),
(1174, 'id', 'Sebuah rok merah.'),
(1174, 'en', 'A red skirt.'),
(1175, 'id', 'Biarkan dia masuk.'),
(1175, 'en', 'Let him come in.'),
(1176, 'id', 'Hari ini sangat panas.'),
(1176, 'en', 'Today is very hot.'),
(1177, 'id', 'Di sini sangat ramai.'),
(1177, 'en', 'It is very lively here.'),
(1178, 'id', 'Dia sangat ramah/antusias.'),
(1178, 'en', 'He is very enthusiastic.'),
(1179, 'id', 'Dia adalah orang Tiongkok.'),
(1179, 'en', 'He is Chinese.'),
(1180, 'id', 'Populasi Tiongkok sangat banyak.'),
(1180, 'en', 'China has a large population.'),
(1181, 'id', 'Orang-orang sedang bekerja.'),
(1181, 'en', 'People are working.'),
(1182, 'id', 'Membayar dengan Yuan.'),
(1182, 'en', 'Pay in RMB.'),
(1183, 'id', 'Kehidupan yang bahagia.'),
(1183, 'en', 'Happy life.'),
(1184, 'id', 'Jumlah orangnya tidak sedikit.'),
(1184, 'en', 'The number of people is not small.'),
(1185, 'id', 'Saya tidak kenal dia.'),
(1185, 'en', 'I don''t know him.'),
(1186, 'id', 'Saya rasa dia benar.'),
(1186, 'en', 'I think he is right.'),
(1187, 'id', 'Bekerja dengan sungguh-sungguh.'),
(1187, 'en', 'Work seriously.'),
(1188, 'id', 'Tanggal satu Oktober.'),
(1188, 'en', 'October 1st.'),
(1189, 'id', 'Membaca harian.'),
(1189, 'en', 'Read the daily newspaper.'),
(1190, 'id', 'Menulis buku harian.'),
(1190, 'en', 'Write a diary.'),
(1191, 'id', 'Tolong tuliskan tanggalnya.'),
(1191, 'en', 'Please write down the date.'),
(1192, 'id', 'Membeli barang kebutuhan sehari-hari.'),
(1192, 'en', 'Buy daily necessities.'),
(1193, 'id', 'Ini sangat mudah.'),
(1193, 'en', 'This is very easy.'),
(1194, 'id', 'Boneka bulu.'),
(1194, 'en', 'Stuffed animal.'),
(1195, 'id', 'Saya tidak makan daging.'),
(1195, 'en', 'I don''t eat meat.'),
(1196, 'id', 'Tiga orang.'),
(1196, 'en', 'Three people.'),
(1197, 'id', 'Sudah hujan, bawa payung.'),
(1197, 'en', 'It''s raining, bring an umbrella.'),
(1198, 'id', 'Jalan santai di taman.'),
(1198, 'en', 'Take a walk in the park.'),
(1199, 'id', 'Tenggorokan saya sakit.'),
(1199, 'en', 'My throat hurts.'),
(1200, 'id', 'Di dalam hutan ada banyak pohon.'),
(1200, 'en', 'There are many trees in the forest.'),
(1201, 'id', 'Duduk di atas sofa.'),
(1201, 'en', 'Sit on the sofa.'),
(1202, 'id', 'Jangan membunuh makhluk hidup.'),
(1202, 'en', 'Don''t kill living beings.'),
(1203, 'id', 'Berjemur di bawah matahari.'),
(1203, 'en', 'Bask in the sun.'),
(1204, 'id', 'Di atas gunung ada banyak pohon.'),
(1204, 'en', 'There are many trees on the mountain.'),
(1205, 'id', 'Melihat kilat.'),
(1205, 'en', 'Saw the lightning.'),
(1206, 'id', 'Sebuah kipas.'),
(1206, 'en', 'A fan.'),
(1207, 'id', 'Dia sangat baik hati.'),
(1207, 'en', 'He is very kind-hearted.'),
(1208, 'id', 'Dia mahir berkomunikasi.'),
(1208, 'en', 'He is good at communicating.'),
(1209, 'id', 'Jangan menyakitinya.'),
(1209, 'en', 'Don''t hurt him.'),
(1210, 'id', 'Berbagai jenis barang dagangan.'),
(1210, 'en', 'Various commodities.'),
(1211, 'id', 'Pusat bisnis.'),
(1211, 'en', 'Business center.'),
(1212, 'id', 'Naik ke lantai atas.'),
(1212, 'en', 'Go upstairs.'),
(1213, 'id', 'Saya masuk kerja jam delapan.'),
(1213, 'en', 'I go to work at eight.'),
(1214, 'id', 'Jangan tertipu.'),
(1214, 'en', 'Don''t be fooled.'),
(1215, 'id', 'Dia sedang berinternet.'),
(1215, 'en', 'He is surfing the internet.'),
(1216, 'id', 'Pagi hari ini.'),
(1216, 'en', 'This morning.'),
(1217, 'id', 'Tunggu sebentar.'),
(1217, 'en', 'Wait a little bit.'),
(1218, 'id', 'Orangnya sedikit.'),
(1218, 'en', 'There are very few people.'),
(1219, 'id', 'Di sini ada ular.'),
(1219, 'en', 'There is a snake here.'),
(1220, 'id', 'Menjulurkan lidah.'),
(1220, 'en', 'Stick out the tongue.'),
(1221, 'id', 'Perkembangan masyarakat.'),
(1221, 'en', 'Social development.'),
(1222, 'id', 'Saya enggan untuk pergi.'),
(1222, 'en', 'I hate to leave.'),
(1223, 'id', 'Peralatan pabrik.'),
(1223, 'en', 'Factory equipment.'),
(1224, 'id', 'Mendesain baju.'),
(1224, 'en', 'Design clothes.'),
(1225, 'id', 'Fasilitas umum.'),
(1225, 'en', 'Public facilities.'),
(1226, 'id', 'Tubuh yang sehat.'),
(1226, 'en', 'Healthy body.'),
(1227, 'id', 'Airnya sangat dalam.'),
(1227, 'en', 'The water is very deep.'),
(1228, 'id', 'Dia bahkan tidak mengenal saya.'),
(1228, 'en', 'He even doesn''t know me.'),
(1229, 'id', 'Matahari terbit (naik).'),
(1229, 'en', 'The sun rises.'),
(1230, 'id', 'Mempelajari kosakata baru.'),
(1230, 'en', 'Study new words.'),
(1231, 'id', 'Hidup sangat indah.'),
(1231, 'en', 'Life is beautiful.'),
(1232, 'id', 'Menghargai nyawa.'),
(1232, 'en', 'Cherish life.'),
(1233, 'id', 'Selamat ulang tahun untukmu.'),
(1233, 'en', 'Happy birthday to you.'),
(1234, 'id', 'Mendengarkan suara.'),
(1234, 'en', 'Listen to the sound.'),
(1235, 'id', 'Provinsi Sichuan.'),
(1235, 'en', 'Sichuan Province.'),
(1236, 'id', 'Tersisa sedikit.'),
(1236, 'en', 'A little bit left over.'),
(1237, 'id', 'Jangan takut gagal.'),
(1237, 'en', 'Don''t fear failure.'),
(1238, 'id', 'Saya sangat kecewa.'),
(1238, 'en', 'I am very disappointed.'),
(1239, 'id', 'Pak, ke restoran.'),
(1239, 'en', 'Driver, go to the restaurant.'),
(1240, 'id', 'Bajunya basah.'),
(1240, 'en', 'The clothes are wet.'),
(1241, 'id', 'Singa besar.'),
(1241, 'en', 'Big lion.'),
(1242, 'id', 'Sepuluh orang.'),
(1242, 'en', 'Ten people.'),
(1243, 'id', 'Sangat senang.'),
(1243, 'en', 'Extremely happy.'),
(1244, 'id', 'Era baru.'),
(1244, 'en', 'New era.'),
(1245, 'id', 'Kapan (waktu apa)?'),
(1245, 'en', 'What time?'),
(1246, 'id', 'Tidak ada waktu.'),
(1246, 'en', 'No time.'),
(1247, 'id', 'Sesuai dengan kenyataan.'),
(1247, 'en', 'Based on reality.'),
(1248, 'id', 'Dia sedang magang di bank.'),
(1248, 'en', 'He is interning at a bank.'),
(1249, 'id', 'Mewujudkan cita-cita.'),
(1249, 'en', 'Achieve the ideal.'),
(1250, 'id', 'Menjalankan rencana.'),
(1250, 'en', 'Implement the plan.'),
(1251, 'id', 'Melakukan percobaan.'),
(1251, 'en', 'Conduct an experiment.'),
(1252, 'id', 'Makanan yang lezat.'),
(1252, 'en', 'Delicious food.'),
(1253, 'id', 'Pergi makan ke kantin.'),
(1253, 'en', 'Eat at the canteen.'),
(1254, 'id', 'Belajar menggunakan komputer.'),
(1254, 'en', 'Learn how to use a computer.'),
(1255, 'id', 'Saya adalah seorang siswa.'),
(1255, 'en', 'I am a student.'),
(1256, 'id', 'Pergi ke pasar membeli sayur.'),
(1256, 'en', 'Go to the market to buy vegetables.'),
(1257, 'id', 'Satu hal telah terjadi.'),
(1257, 'en', 'Something happened.'),
(1258, 'id', 'Mencuci tangan.'),
(1258, 'en', 'Wash hands.'),
(1259, 'id', 'Ponsel saya.'),
(1259, 'en', 'My phone.'),
(1260, 'id', 'Jam tangan ini sangat mahal.'),
(1260, 'en', 'This watch is expensive.'),
(1261, 'id', 'Saya membaca buku.'),
(1261, 'en', 'I read books.'),
(1262, 'id', 'Terasa sangat nyaman.'),
(1262, 'en', 'Feel very comfortable.'),
(1263, 'id', 'Apelnya sudah matang.'),
(1263, 'en', 'The apple is ripe.'),
(1264, 'id', 'Pohon besar.'),
(1264, 'en', 'Big tree.'),
(1265, 'id', 'Pelajaran matematika.'),
(1265, 'en', 'Math class.'),
(1266, 'id', 'Gosok gigi pagi dan malam.'),
(1266, 'en', 'Brush teeth morning and night.'),
(1267, 'id', 'Minum air.'),
(1267, 'en', 'Drink water.'),
(1268, 'id', 'Buah yang segar.'),
(1268, 'en', 'Fresh fruit.'),
(1269, 'id', 'Dia sedang tidur.'),
(1269, 'en', 'He is sleeping.'),
(1270, 'id', 'Pergi tidur.'),
(1270, 'en', 'Go to sleep.'),
(1271, 'id', 'Kamu bicara apa?'),
(1271, 'en', 'What did you say?'),
(1272, 'id', 'Dia sedang memasak.'),
(1272, 'en', 'He is cooking.');
